Time_Stamp,NB1300Vibracion1,NB1300Vibracion2,NB1300Vibracion3,NB1300Vibracion4,NB1300Vibracion5,NB1300Vibracion6,NB1300Prec,NB1300tGener,NB1300tCuarto,NB1300tBloque,NB1300tAmbien,NB1300hCuarto,NB1300tRuedaL,NB1300tEscobillas,NB1300PQA01CorrP,NB1300pqa01VoltP,NB1300EstadoFalla
10/04/2022 16:40:39,2.4,2.5,2.2,2.6,2.7,2.8,43.3,36.9,24.8,38.6,17.7,38.2,38.4,45.2,13.3,441.1,0
10/04/2022 16:40:40,2.8,2.4,2.9,2.1,2.0,2.7,37.8,32.2,24.8,46.0,13.3,37.1,43.8,47.3,13.9,443.7,0
10/04/2022 16:40:41,1.7,2.4,2.6,2.7,2.6,2.4,43.4,34.1,24.4,46.4,15.6,36.9,32.3,38.3,12.7,442.7,0
10/04/2022 16:40:42,1.7,2.9,2.9,2.3,2.5,2.5,42.8,37.3,24.1,36.7,12.5,30.9,46.4,40.9,13.0,435.5,0
10/04/2022 16:40:43,1.7,2.3,2.1,2.1,2.3,2.2,41.6,32.7,25.6,43.2,14.1,32.2,34.7,41.3,12.6,443.1,0
10/04/2022 16:40:44,2.3,2.4,2.6,2.2,2.3,2.7,41.1,37.4,25.1,36.5,12.7,26.3,34.6,39.5,13.7,443.5,0
10/04/2022 16:40:45,1.4,2.4,2.0,2.6,2.8,2.2,40.8,32.5,27.8,37.3,21.4,32.0,45.5,47.3,13.4,439.2,0
10/04/2022 16:40:46,1.6,2.5,2.4,2.2,2.3,2.8,37.6,37.9,25.1,44.9,16.4,33.3,37.0,38.5,13.2,436.7,0
10/04/2022 16:40:47,1.2,2.6,2.5,2.8,2.0,2.0,44.6,37.5,24.6,45.4,19.3,28.9,33.8,34.8,13.2,435.6,0
10/04/2022 16:40:48,2.9,2.9,2.7,2.5,2.5,2.9,41.8,37.7,27.2,34.5,18.1,34.1,41.6,46.4,13.2,437.6,0
10/04/2022 16:40:49,1.4,2.4,2.6,2.7,2.9,2.0,41.1,37.8,24.4,47.0,12.5,26.4,44.1,47.1,12.3,444.0,0
10/04/2022 16:40:50,2.9,2.2,2.1,2.8,2.3,2.7,43.5,38.1,23.1,33.2,21.5,23.3,40.5,47.2,12.4,441.7,0
10/04/2022 16:40:51,1.5,2.3,2.3,2.4,2.8,2.7,42.7,38.1,23.9,47.6,13.4,29.8,39.1,42.9,12.3,441.4,0
10/04/2022 16:40:52,1.5,2.3,2.8,2.3,2.0,2.1,44.8,34.0,27.0,35.0,12.0,23.3,36.2,45.3,13.1,443.6,0
10/04/2022 16:40:53,2.6,2.6,2.2,2.3,2.0,2.8,42.5,35.8,23.6,39.0,24.3,24.9,34.5,47.3,13.5,437.8,0
10/04/2022 16:40:54,2.5,2.8,2.4,2.8,2.4,2.3,43.6,34.8,27.5,38.3,18.5,37.0,43.8,45.0,12.8,438.6,0
10/04/2022 16:40:55,1.3,2.0,2.7,2.7,2.0,2.8,37.7,35.0,23.6,33.6,17.4,43.2,33.6,47.6,12.7,440.9,0
10/04/2022 16:40:56,2.7,2.8,2.0,2.0,2.0,2.2,39.5,35.5,27.2,39.6,24.0,32.2,38.5,33.0,12.8,438.2,0
10/04/2022 16:40:57,1.6,2.5,2.1,2.1,2.5,2.3,42.3,38.3,27.3,36.9,15.5,23.6,32.0,43.7,12.4,442.5,0
10/04/2022 16:40:58,1.9,2.7,2.8,2.7,2.9,2.1,37.7,36.4,23.5,41.9,14.3,30.9,39.7,38.0,13.2,435.2,0
10/04/2022 16:40:59,2.6,2.3,2.2,2.8,2.7,2.2,41.6,38.8,27.3,47.5,17.9,44.4,33.6,42.1,12.6,435.9,0
10/04/2022 16:41:00,1.3,2.0,2.0,2.4,2.8,2.1,37.6,38.7,26.8,39.3,24.6,42.9,42.5,45.6,13.5,437.4,0
10/04/2022 16:41:01,2.2,2.9,2.8,2.5,2.1,2.7,40.9,35.0,27.3,44.3,23.9,34.4,42.0,34.5,12.4,435.6,0
10/04/2022 16:41:02,2.8,2.3,2.8,2.8,2.3,2.7,39.4,37.0,26.4,46.9,12.2,27.7,41.2,45.8,12.5,438.5,0
10/04/2022 16:41:03,1.8,2.7,2.3,2.2,2.6,2.7,41.2,37.9,26.3,46.6,19.9,30.1,35.8,45.4,12.2,439.8,0
10/04/2022 16:41:04,2.5,2.2,2.0,2.2,2.4,2.4,40.3,37.8,23.5,44.3,20.0,37.8,38.9,41.3,12.2,442.3,0
10/04/2022 16:41:05,1.5,2.4,2.4,2.0,2.9,2.5,42.7,33.3,27.9,35.1,21.5,28.7,44.6,41.4,13.6,443.9,0
10/04/2022 16:41:06,1.9,2.0,2.5,2.8,2.2,2.4,41.5,33.8,27.1,38.6,12.7,32.9,33.7,43.3,13.5,442.6,0
10/04/2022 16:41:07,1.1,2.1,2.6,2.6,2.9,2.0,40.2,34.0,25.2,43.2,23.0,36.0,35.7,41.0,13.0,437.4,0
10/04/2022 16:41:08,1.7,2.5,2.7,2.3,2.5,2.8,41.7,38.2,26.5,32.5,21.9,33.3,47.7,44.5,12.3,437.7,0
10/04/2022 16:41:09,2.9,2.3,2.8,2.8,2.5,2.5,43.2,36.3,26.7,39.3,15.2,44.5,47.0,39.1,13.5,439.8,0
10/04/2022 16:41:10,2.3,2.3,2.6,2.0,2.8,2.3,39.4,34.0,23.4,42.1,13.2,39.8,39.8,40.6,13.0,437.3,0
10/04/2022 16:41:11,2.6,2.7,2.0,2.2,2.6,2.2,43.7,38.2,27.1,45.9,14.2,40.1,40.6,33.8,13.3,436.8,0
10/04/2022 16:41:12,2.7,2.5,2.1,2.3,2.3,2.4,38.1,35.8,23.5,38.5,13.4,28.9,37.8,37.5,13.5,440.3,0
10/04/2022 16:41:13,2.3,2.0,2.7,2.4,2.2,2.3,40.5,32.3,23.1,46.3,17.9,41.1,34.6,37.3,13.5,436.1,0
10/04/2022 16:41:14,1.9,2.8,2.9,2.7,2.3,2.7,39.2,36.7,23.9,36.0,23.8,23.9,36.0,32.7,12.1,435.9,0
10/04/2022 16:41:15,1.7,2.2,2.9,2.2,2.8,2.3,38.1,37.2,26.6,39.7,24.4,40.1,43.4,43.9,13.6,444.6,0
10/04/2022 16:41:16,1.7,2.9,2.3,2.5,2.4,2.7,42.3,32.5,23.2,34.0,12.6,38.1,34.7,46.4,13.8,435.2,0
10/04/2022 16:41:17,1.4,2.7,2.4,2.5,2.1,2.2,43.3,34.1,24.2,42.4,18.7,24.1,40.7,43.5,12.1,441.0,0
10/04/2022 16:41:18,2.0,2.9,2.8,2.8,2.3,2.2,43.1,34.3,23.6,40.3,16.4,44.3,41.4,45.2,12.7,437.6,0
10/04/2022 16:41:19,2.6,2.9,2.3,2.8,2.7,2.1,44.4,37.1,27.6,46.2,12.0,30.9,35.7,47.1,12.2,444.0,0
10/04/2022 16:41:20,2.6,2.5,2.8,2.2,2.5,2.5,38.6,38.5,26.0,39.6,16.6,23.7,39.7,36.1,13.9,438.6,0
10/04/2022 16:41:21,1.2,2.2,2.5,2.2,2.6,2.5,43.0,38.9,24.7,45.5,16.4,30.0,45.7,47.5,13.3,436.1,0
10/04/2022 16:41:22,2.5,2.1,2.0,2.2,2.1,2.0,40.8,36.4,23.9,34.5,13.9,24.0,33.8,45.3,12.9,442.2,0
10/04/2022 16:41:23,2.6,2.9,2.1,2.6,2.2,2.2,40.0,33.1,26.6,39.8,16.1,39.2,37.9,43.0,13.7,444.0,0
10/04/2022 16:41:24,2.2,2.1,2.5,2.5,2.9,2.2,38.0,32.4,25.4,36.1,23.4,40.6,34.3,36.3,13.7,436.0,0
10/04/2022 16:41:25,2.0,2.5,2.3,2.0,2.9,2.2,39.4,35.0,25.8,44.3,15.6,42.9,46.5,46.5,13.3,440.0,0
10/04/2022 16:41:26,2.6,2.0,2.4,2.5,2.7,2.9,40.8,32.6,27.4,44.1,20.5,23.7,37.2,36.9,13.3,443.7,0
10/04/2022 16:41:27,1.8,2.4,2.9,2.4,2.3,2.5,43.0,35.6,25.2,39.1,20.4,33.3,40.1,42.4,12.3,441.2,0
10/04/2022 16:41:28,2.9,2.4,2.1,2.4,2.6,2.5,43.9,33.7,27.0,36.7,14.5,42.5,47.5,45.4,12.1,442.1,0
10/04/2022 16:41:29,1.9,2.4,2.9,2.9,2.9,2.7,39.1,32.2,25.7,37.3,19.5,34.4,46.2,32.9,12.4,438.0,0
10/04/2022 16:41:30,1.9,2.4,2.7,2.9,2.7,2.2,44.1,34.3,24.1,39.8,13.6,29.1,46.4,40.6,12.1,442.0,0
10/04/2022 16:41:31,1.5,2.3,2.4,2.3,2.0,2.8,43.6,38.7,23.5,44.7,17.6,24.8,33.0,43.2,12.9,435.7,0
10/04/2022 16:41:32,1.2,2.9,2.8,2.8,2.6,2.0,41.7,32.0,23.4,46.2,17.9,28.1,45.0,34.6,13.4,435.8,0
10/04/2022 16:41:33,2.7,2.4,2.1,2.8,2.3,2.3,40.6,37.0,25.5,38.3,14.7,41.9,33.1,35.9,12.0,435.9,0
10/04/2022 16:41:34,2.5,2.8,2.5,2.9,2.6,2.5,42.3,33.4,26.3,40.2,23.5,35.8,46.0,45.9,13.5,442.8,0
10/04/2022 16:41:35,1.3,2.2,2.2,2.6,2.3,2.4,37.9,36.7,25.7,36.9,12.1,31.0,32.8,45.6,12.2,439.5,0
10/04/2022 16:41:36,2.7,2.9,2.8,2.2,2.4,2.2,38.0,37.5,23.9,32.9,22.6,37.4,47.7,45.7,13.2,444.9,0
10/04/2022 16:41:37,1.0,2.0,2.9,2.6,2.6,2.0,37.6,35.8,25.0,44.9,13.0,39.8,38.3,45.2,13.4,441.6,0
10/04/2022 16:41:38,2.6,2.1,2.2,2.8,2.7,2.0,39.1,32.6,27.6,47.6,13.3,40.2,40.0,32.8,12.6,439.1,0
10/04/2022 16:41:39,2.4,2.9,2.5,2.6,2.7,2.2,40.7,33.7,26.9,46.0,21.8,42.0,46.8,35.6,12.6,444.5,0
10/04/2022 16:41:40,2.5,2.4,2.1,2.1,2.2,2.1,42.2,34.7,23.9,44.7,21.3,43.5,33.4,44.2,13.3,441.0,0
10/04/2022 16:41:41,2.0,2.2,2.0,2.3,2.2,2.1,44.9,36.6,23.3,44.5,13.5,28.9,36.3,42.2,12.1,437.8,0
10/04/2022 16:41:42,2.1,2.1,2.5,2.3,2.6,2.5,42.2,36.2,25.5,32.9,16.7,41.4,38.4,33.6,12.5,437.7,0
10/04/2022 16:41:43,1.5,2.9,2.5,2.1,2.1,2.9,44.1,32.5,23.4,40.4,21.3,42.5,39.7,36.8,13.8,435.4,0
10/04/2022 16:41:44,2.8,2.3,2.5,2.6,2.1,2.5,41.5,33.0,25.6,41.3,16.4,34.5,35.1,47.1,13.1,443.6,0
10/04/2022 16:41:45,1.3,2.1,2.5,2.8,2.7,2.3,43.0,36.4,26.3,38.3,23.5,25.0,32.0,40.9,12.8,443.4,0
10/04/2022 16:41:46,2.8,2.0,2.3,2.0,2.8,2.1,39.6,37.3,24.1,41.6,18.2,27.7,41.5,42.1,13.8,442.6,0
10/04/2022 16:41:47,2.6,2.7,2.9,2.6,2.7,2.0,40.8,32.4,24.9,38.6,14.2,31.8,32.8,34.9,12.8,441.0,0
10/04/2022 16:41:48,1.9,2.6,2.1,2.8,2.0,2.5,44.8,38.8,25.4,42.0,17.6,40.5,44.1,47.8,13.1,444.7,0
10/04/2022 16:41:49,1.9,2.1,2.8,2.3,2.5,2.2,43.4,37.5,25.5,43.0,18.2,35.1,36.4,40.4,13.9,435.6,0
10/04/2022 16:41:50,2.6,2.6,2.3,2.1,2.8,2.4,38.9,38.2,24.3,34.1,13.7,27.3,44.1,46.2,12.4,444.8,0
10/04/2022 16:41:51,2.7,2.3,2.3,2.0,2.1,2.5,43.1,36.8,27.5,47.4,17.7,40.7,37.2,32.8,13.3,435.4,0
10/04/2022 16:41:52,2.8,2.7,2.3,2.8,2.1,2.6,40.4,36.5,27.7,35.8,15.9,39.2,34.6,41.2,13.5,438.2,0
10/04/2022 16:41:53,2.1,2.0,2.9,2.9,2.9,2.2,44.3,37.3,24.1,43.5,13.6,23.1,43.0,41.3,13.8,443.5,0
10/04/2022 16:41:54,1.2,2.0,2.5,2.4,2.5,2.7,41.2,34.0,27.6,44.6,22.7,37.1,38.2,35.8,12.0,438.9,0
10/04/2022 16:41:55,2.9,2.5,2.3,2.6,2.1,2.4,42.4,36.4,27.7,45.7,24.9,22.0,41.0,42.0,13.0,439.6,0
10/04/2022 16:41:56,1.6,2.6,2.8,2.6,2.0,2.5,43.8,33.0,25.4,46.0,23.2,23.6,32.1,37.9,12.2,444.7,0
10/04/2022 16:41:57,1.3,2.5,2.5,2.6,2.6,2.4,37.0,35.6,27.0,44.7,14.8,34.8,39.7,39.9,13.9,442.0,0
10/04/2022 16:41:58,2.3,2.5,2.8,2.4,2.6,2.5,42.9,32.6,27.2,35.4,24.3,35.0,46.0,41.6,12.4,436.9,0
10/04/2022 16:41:59,1.6,2.5,2.9,2.4,2.5,2.7,43.8,33.2,26.1,41.3,15.9,44.7,36.7,34.1,12.8,440.0,0
10/04/2022 16:42:00,2.0,2.0,2.6,2.3,2.7,2.9,42.0,37.1,24.8,32.4,14.0,24.7,44.4,45.4,12.7,444.5,0
10/04/2022 16:42:01,2.0,2.5,2.6,2.2,2.9,2.9,38.5,36.4,27.3,37.1,22.1,42.6,38.5,44.9,12.0,437.6,0
10/04/2022 16:42:02,2.5,2.2,2.8,2.2,2.3,2.3,39.9,34.9,23.8,40.9,14.7,43.9,37.8,32.2,12.4,436.6,0
10/04/2022 16:42:03,1.8,2.2,2.4,2.1,2.0,2.3,38.5,33.0,26.7,35.6,13.5,28.3,46.8,41.8,13.3,438.0,0
10/04/2022 16:42:04,1.5,2.4,2.9,2.0,2.7,2.2,41.6,36.6,24.0,39.5,18.8,42.7,47.6,45.5,12.2,437.8,0
10/04/2022 16:42:05,1.2,2.8,2.0,2.4,2.4,2.6,39.7,33.1,23.7,40.5,22.2,32.2,44.3,43.4,13.8,439.5,0
10/04/2022 16:42:06,2.1,2.4,2.0,2.8,2.6,2.1,37.1,33.1,23.6,46.8,24.5,25.5,41.7,36.3,13.2,439.9,0
10/04/2022 16:42:07,1.7,2.0,2.9,2.6,2.9,2.4,40.5,37.0,27.6,36.2,19.8,27.0,39.0,42.8,13.1,438.8,0
10/04/2022 16:42:08,1.0,2.8,2.2,2.2,2.0,2.1,42.5,32.1,23.4,46.9,17.6,27.3,37.4,41.5,12.2,444.7,0
10/04/2022 16:42:09,2.4,2.5,2.1,2.1,2.2,2.7,42.5,34.2,27.2,34.2,21.3,27.3,33.5,40.9,13.1,435.8,0
10/04/2022 16:42:10,2.1,2.9,2.9,2.8,2.8,2.3,40.2,33.6,25.7,46.7,12.2,39.9,33.6,33.7,13.0,443.2,0
10/04/2022 16:42:11,2.2,2.6,2.5,2.3,2.4,2.9,44.2,34.7,26.2,35.8,13.9,32.3,43.1,34.9,13.2,435.0,0
10/04/2022 16:42:12,2.1,2.2,2.4,2.0,2.9,2.3,40.3,34.6,23.4,39.1,16.8,41.6,46.3,43.9,12.5,443.3,0
10/04/2022 16:42:13,1.4,2.4,2.5,2.8,2.2,2.7,39.7,38.3,24.8,41.5,12.4,31.0,47.1,34.3,12.4,438.1,0
10/04/2022 16:42:14,1.4,2.0,2.6,2.7,2.0,2.9,42.7,34.6,23.0,45.2,23.8,36.8,39.6,35.5,13.9,440.2,0
10/04/2022 16:42:15,1.8,2.6,2.9,2.2,2.7,2.4,37.5,34.1,23.8,41.8,17.6,37.6,36.2,47.1,13.0,442.2,0
10/04/2022 16:42:16,1.4,2.2,2.9,2.5,2.4,2.3,42.9,34.5,26.9,37.0,22.1,29.2,43.8,34.4,13.8,437.0,0
10/04/2022 16:42:17,1.6,2.1,2.7,2.2,2.0,2.8,39.7,36.0,27.1,41.5,15.5,37.2,42.0,47.8,13.0,443.7,0
10/04/2022 16:42:18,1.2,2.1,2.7,2.3,2.7,2.1,44.3,37.8,27.6,36.0,21.1,40.9,35.5,36.9,12.4,435.3,0
10/04/2022 16:42:19,1.0,2.2,2.6,2.9,2.0,2.5,37.8,38.9,27.3,45.6,12.2,40.3,40.2,37.4,13.5,437.0,0
10/04/2022 16:42:20,2.7,2.2,2.7,2.9,2.5,2.1,44.0,38.7,25.8,44.3,21.1,35.5,42.0,36.1,12.9,440.8,0
10/04/2022 16:42:21,2.5,2.1,2.5,2.0,2.7,2.5,43.3,38.6,27.4,37.3,23.5,42.5,46.4,41.2,12.9,443.8,0
10/04/2022 16:42:22,2.4,2.3,2.3,2.4,2.2,2.0,39.8,33.3,23.1,47.1,13.7,37.6,32.9,43.9,12.1,439.8,0
10/04/2022 16:42:23,1.8,2.4,2.6,2.7,2.0,2.1,44.3,33.6,27.4,46.5,14.1,23.7,41.7,43.2,13.1,441.6,0
10/04/2022 16:42:24,2.4,2.6,2.5,2.5,2.1,2.8,42.6,36.4,24.3,34.5,15.5,37.4,40.0,32.4,12.4,444.0,0
10/04/2022 16:42:25,2.5,2.0,2.4,2.7,2.2,2.3,37.7,33.2,26.0,46.1,15.4,24.8,42.5,45.8,12.1,436.5,0
10/04/2022 16:42:26,2.3,2.3,2.0,2.1,2.6,2.5,44.7,32.2,23.2,36.4,19.8,33.0,42.9,40.7,13.3,437.5,0
10/04/2022 16:42:27,1.7,2.1,2.1,2.8,2.3,2.6,44.3,38.4,24.1,47.3,20.9,43.6,36.7,37.4,13.0,435.0,0
10/04/2022 16:42:28,2.4,2.8,2.0,2.5,2.2,2.2,41.9,37.8,23.5,39.0,16.0,24.0,34.7,41.1,13.4,436.8,0
10/04/2022 16:42:29,1.1,2.4,2.4,2.5,2.3,2.2,41.0,34.0,25.8,33.6,15.8,30.7,34.8,41.4,13.2,442.8,0
10/04/2022 16:42:30,1.5,2.3,2.5,2.3,2.2,2.8,38.1,35.9,27.7,45.0,22.5,34.9,33.2,38.6,13.4,440.0,0
10/04/2022 16:42:31,1.9,2.1,2.2,2.8,2.5,2.0,41.4,37.3,26.7,38.7,15.1,42.2,38.9,46.1,13.4,444.9,0
10/04/2022 16:42:32,2.7,2.6,2.3,2.6,2.8,2.2,37.7,34.8,25.8,35.3,20.4,37.3,39.6,45.5,13.6,444.3,0
10/04/2022 16:42:33,2.1,2.6,2.4,2.9,2.6,2.2,42.5,35.4,25.9,41.6,18.7,41.7,33.6,32.3,12.2,437.7,0
10/04/2022 16:42:34,1.8,2.7,2.6,2.7,2.0,2.7,44.2,37.6,27.7,33.6,22.4,44.7,43.1,41.0,12.0,444.1,0
10/04/2022 16:42:35,1.5,2.3,2.2,2.7,2.1,2.8,41.9,37.1,26.4,36.2,12.5,29.0,42.5,34.4,13.8,438.7,0
10/04/2022 16:42:36,1.3,2.1,2.5,2.7,2.4,2.2,42.7,36.7,24.4,35.7,21.4,34.5,38.1,37.6,13.0,441.9,0
10/04/2022 16:42:37,2.0,2.0,2.9,2.6,2.7,2.0,42.8,34.6,27.1,40.8,16.7,41.8,32.9,41.2,12.1,435.0,0
10/04/2022 16:42:38,2.1,2.3,2.1,2.4,2.7,2.4,38.0,38.1,23.3,42.3,19.0,31.3,33.6,36.9,12.5,441.9,0
10/04/2022 16:42:39,1.8,2.6,2.4,2.7,2.2,2.8,39.9,36.3,23.4,36.4,17.6,29.4,43.3,33.2,13.0,438.2,0
10/04/2022 16:42:40,1.0,2.1,2.3,2.2,2.5,2.9,43.2,37.9,25.2,42.7,23.5,23.4,38.8,44.3,12.9,441.5,0
10/04/2022 16:42:41,2.0,2.6,2.8,2.2,2.2,2.7,39.2,36.5,26.0,35.4,15.6,43.6,39.2,45.5,13.7,435.7,0
10/04/2022 16:42:42,2.7,2.2,2.3,2.6,2.4,2.1,43.6,34.6,27.2,37.1,21.6,39.4,40.6,46.7,13.1,443.8,0
10/04/2022 16:42:43,2.2,2.8,2.1,2.8,2.5,2.0,40.0,36.1,25.8,32.3,22.0,27.3,43.2,35.6,12.1,444.4,0
10/04/2022 16:42:44,2.7,2.8,2.9,2.1,2.7,2.1,41.9,32.1,25.6,33.4,18.1,30.3,35.0,36.4,12.4,442.3,0
10/04/2022 16:42:45,2.1,2.0,2.5,2.7,2.4,2.5,38.3,38.9,25.6,38.3,21.7,36.5,39.5,44.4,13.9,443.2,0
10/04/2022 16:42:46,1.4,2.1,2.9,2.0,2.2,2.6,44.8,34.6,26.2,36.3,13.5,44.9,32.6,40.4,12.8,436.2,0
10/04/2022 16:42:47,2.2,2.6,2.2,2.4,2.2,2.4,43.0,34.5,25.3,42.4,12.2,26.0,37.8,36.0,12.4,444.7,0
10/04/2022 16:42:48,1.1,2.4,2.0,2.5,2.8,2.8,39.4,37.9,23.9,44.8,14.6,36.8,33.8,47.7,12.8,439.7,0
10/04/2022 16:42:49,1.7,2.7,2.0,2.7,2.7,2.6,39.3,38.4,24.5,41.5,13.7,26.7,37.8,43.1,12.1,444.4,0
10/04/2022 16:42:50,1.8,2.5,2.5,2.2,2.6,2.9,42.9,34.9,23.8,39.5,16.7,29.6,44.1,33.5,13.3,438.2,0
10/04/2022 16:42:51,2.1,2.6,2.2,2.6,2.9,2.9,42.7,35.7,27.0,34.0,19.6,40.2,47.1,36.4,13.2,443.7,0
10/04/2022 16:42:52,2.0,2.4,2.6,2.8,2.4,2.0,43.8,35.2,24.5,33.3,21.3,37.8,34.2,41.9,13.2,444.9,0
10/04/2022 16:42:53,1.5,2.6,2.2,2.1,2.7,2.4,43.3,37.1,27.0,47.0,22.9,27.1,38.6,36.6,12.9,441.4,0
10/04/2022 16:42:54,1.4,2.3,2.7,2.1,2.2,2.3,38.7,32.4,23.6,33.2,14.8,32.9,47.7,47.3,12.2,439.3,0
10/04/2022 16:42:55,2.8,2.0,2.1,2.8,2.9,2.9,43.5,36.2,27.7,47.4,14.9,40.6,45.0,46.3,13.9,443.0,0
10/04/2022 16:42:56,2.0,2.3,2.7,2.2,2.6,2.5,42.5,32.2,25.8,41.7,23.3,30.7,42.8,47.0,12.6,443.6,0
10/04/2022 16:42:57,1.1,2.6,2.2,2.0,2.4,2.8,37.0,33.7,26.6,46.0,22.1,27.7,37.3,45.6,13.5,438.6,0
10/04/2022 16:42:58,1.2,2.1,2.2,2.6,2.8,2.0,40.4,37.6,26.9,32.2,24.3,24.3,46.9,35.8,12.4,438.6,0
10/04/2022 16:42:59,1.1,2.5,2.2,2.0,2.2,2.5,38.6,35.4,27.0,33.4,18.6,44.5,32.3,33.1,13.1,438.2,0
10/04/2022 16:43:00,1.6,2.4,2.5,2.7,2.7,2.5,38.5,34.6,25.1,45.1,16.0,29.6,43.4,45.2,12.5,440.5,0
10/04/2022 16:43:01,2.0,2.7,2.4,2.1,2.0,2.3,43.9,37.0,23.8,37.2,18.8,43.3,47.3,41.2,13.6,442.0,0
10/04/2022 16:43:02,1.5,2.9,2.9,2.8,2.0,2.0,43.7,37.2,26.7,38.7,24.8,31.1,44.3,32.9,13.2,444.0,0
10/04/2022 16:43:03,1.2,2.3,2.3,2.7,2.2,2.7,43.4,37.7,26.8,42.1,16.7,36.2,34.8,40.3,13.4,435.7,0
10/04/2022 16:43:04,2.8,2.4,2.4,2.6,2.9,2.1,42.6,38.8,25.0,46.5,24.9,33.9,45.5,37.6,12.5,437.6,0
10/04/2022 16:43:05,2.3,2.9,2.0,2.8,2.4,2.4,39.2,32.8,27.8,46.4,23.6,39.2,39.5,45.8,12.2,444.7,0
10/04/2022 16:43:06,1.4,2.7,2.2,2.1,2.9,2.6,43.8,35.5,26.0,40.1,18.5,44.8,35.9,44.3,13.8,442.5,0
10/04/2022 16:43:07,1.8,2.4,2.9,2.2,2.8,2.9,38.1,35.5,23.1,39.9,13.5,37.7,36.9,37.1,12.4,443.8,0
10/04/2022 16:43:08,1.5,2.3,2.2,2.3,2.7,2.2,43.6,34.7,25.7,42.6,24.5,32.9,43.5,42.3,12.2,442.8,0
10/04/2022 16:43:09,2.2,2.7,2.0,2.7,2.1,2.4,44.5,33.1,23.2,40.5,15.9,44.1,44.2,42.5,12.2,443.4,0
10/04/2022 16:43:10,2.4,2.7,2.9,2.1,2.7,2.0,39.8,34.2,24.9,41.6,20.4,41.8,46.9,43.8,13.4,441.7,0
10/04/2022 16:43:11,1.0,2.9,2.6,2.6,2.4,2.7,42.3,37.3,26.5,46.7,21.7,31.3,44.2,37.6,13.8,444.4,0
10/04/2022 16:43:12,1.5,2.9,2.7,2.1,2.7,2.3,38.3,37.9,25.3,41.1,19.8,24.1,38.4,36.2,12.9,440.8,0
10/04/2022 16:43:13,1.9,2.8,2.5,2.4,2.5,2.2,42.3,34.0,27.2,33.6,18.5,29.7,34.5,34.7,12.3,438.9,0
10/04/2022 16:43:14,1.6,2.7,2.1,2.1,2.0,2.9,44.2,35.4,23.2,43.6,17.0,26.3,37.6,41.2,12.6,437.4,0
10/04/2022 16:43:15,2.4,2.4,2.4,2.1,2.1,2.5,40.0,33.7,23.5,42.0,15.9,38.7,47.6,44.3,12.2,439.1,0
10/04/2022 16:43:16,2.9,2.2,2.2,2.7,2.3,2.9,42.1,38.1,25.9,47.8,19.4,33.6,36.5,46.0,13.7,435.4,0
10/04/2022 16:43:17,1.6,2.6,2.2,2.3,2.8,2.9,44.2,37.5,24.4,32.6,20.5,38.1,41.5,43.7,12.4,439.4,0
10/04/2022 16:43:18,2.1,2.1,2.9,2.7,2.4,2.4,41.0,32.8,26.7,45.7,24.9,39.0,47.9,45.5,13.4,440.4,0
10/04/2022 16:43:19,2.3,2.0,2.7,2.8,2.2,2.1,39.5,34.2,26.8,34.7,19.3,39.9,34.0,34.8,13.6,437.8,0
10/04/2022 16:43:20,1.3,2.1,2.4,2.0,2.6,2.9,42.5,35.2,25.0,34.3,12.7,34.7,40.4,39.6,13.2,443.8,0
10/04/2022 16:43:21,1.8,2.2,2.2,2.5,2.1,2.6,42.1,32.4,26.3,46.3,16.2,28.2,38.2,34.2,13.1,444.0,0
10/04/2022 16:43:22,1.1,2.3,2.2,2.8,2.7,2.4,38.2,37.8,25.9,35.4,24.2,29.9,38.3,45.8,12.1,436.6,0
10/04/2022 16:43:23,2.1,2.1,2.7,2.5,2.4,2.1,39.2,32.1,26.8,37.7,12.2,31.9,38.0,38.7,12.8,440.2,0
10/04/2022 16:43:24,2.7,2.8,2.3,2.4,2.0,2.2,40.3,37.3,24.1,46.7,15.7,23.5,36.9,41.2,13.4,440.4,0
10/04/2022 16:43:25,1.5,2.7,2.3,2.6,2.5,2.3,39.3,32.9,24.8,39.6,14.0,24.9,42.5,45.0,12.6,439.4,0
10/04/2022 16:43:26,2.3,2.1,2.4,2.6,2.0,2.5,37.0,37.6,26.8,46.1,15.5,39.1,38.6,43.1,12.7,437.1,0
10/04/2022 16:43:27,2.2,2.8,2.2,2.9,2.9,2.6,40.4,37.2,24.5,43.1,16.2,31.8,34.6,45.2,12.5,437.6,0
10/04/2022 16:43:28,2.1,2.9,2.7,2.6,2.9,2.7,41.9,32.0,24.2,37.5,19.0,35.5,41.6,39.7,12.4,438.0,0
10/04/2022 16:43:29,1.8,2.4,2.0,2.2,2.4,2.0,37.6,37.2,26.1,39.5,21.3,44.2,36.0,37.8,13.9,440.5,0
10/04/2022 16:43:30,1.8,2.6,2.1,2.7,2.2,2.5,39.2,33.0,27.3,36.2,22.0,28.2,45.3,36.4,12.9,436.9,0
10/04/2022 16:43:31,1.6,2.7,2.5,2.1,2.0,2.3,38.2,36.3,24.8,44.2,13.8,41.3,35.9,45.5,13.7,444.7,0
10/04/2022 16:43:32,1.2,2.3,2.5,2.2,2.5,2.9,42.3,35.2,24.1,34.2,18.3,28.5,45.9,46.6,12.2,440.8,0
10/04/2022 16:43:33,1.8,2.0,2.4,2.4,2.1,2.8,37.5,37.6,27.0,33.9,19.6,30.7,41.9,34.0,13.1,439.5,0
10/04/2022 16:43:34,1.0,2.6,2.5,2.3,2.6,2.2,42.0,37.0,24.4,47.1,12.8,23.3,35.5,32.4,13.7,442.3,0
10/04/2022 16:43:35,2.8,2.0,2.0,2.2,2.8,2.9,40.8,37.5,23.9,33.0,23.4,44.8,44.1,43.1,13.4,441.9,0
10/04/2022 16:43:36,1.0,2.3,2.8,2.5,2.2,2.4,37.0,34.8,25.2,41.4,18.5,32.5,37.0,34.0,12.6,440.4,0
10/04/2022 16:43:37,1.6,2.3,2.5,2.7,2.0,2.4,39.1,33.9,23.0,35.3,23.8,37.1,37.0,47.6,12.6,444.2,0
10/04/2022 16:43:38,1.0,2.8,2.8,2.5,2.5,2.5,38.2,38.4,24.3,43.7,14.5,37.7,35.7,35.5,13.3,439.1,0
10/04/2022 16:43:39,1.2,2.2,2.5,2.3,2.7,2.4,38.4,38.3,24.0,38.5,23.1,40.0,40.3,45.2,12.1,437.9,0
10/04/2022 16:43:40,2.0,2.6,2.1,2.0,2.6,2.9,39.7,33.5,23.8,36.1,24.2,35.1,46.7,46.5,13.7,437.1,0
10/04/2022 16:43:41,1.1,2.1,2.4,2.1,2.6,2.6,39.8,35.2,24.6,44.3,14.0,31.3,47.4,47.4,12.5,440.6,0
10/04/2022 16:43:42,2.2,2.0,2.6,2.6,2.1,2.5,39.1,37.5,25.9,34.5,16.3,38.6,46.1,43.5,13.5,439.9,0
10/04/2022 16:43:43,1.4,2.3,2.0,2.6,2.0,2.8,42.5,38.2,27.1,41.1,13.6,43.4,34.4,38.2,12.5,442.5,0
10/04/2022 16:43:44,2.4,2.6,2.6,2.4,2.1,2.1,40.1,36.2,27.1,44.3,14.1,26.0,38.1,38.4,12.4,443.2,0
10/04/2022 16:43:45,2.1,2.7,2.4,2.3,2.7,2.7,41.8,36.5,23.8,38.0,20.1,43.8,41.9,45.4,12.1,444.6,0
10/04/2022 16:43:46,1.8,2.9,2.9,2.0,2.9,2.1,37.3,33.9,27.2,42.9,24.3,25.0,47.0,45.4,12.6,437.0,0
10/04/2022 16:43:47,1.4,2.1,2.0,2.8,2.2,2.4,42.1,37.5,27.7,33.5,19.6,25.3,32.4,39.1,12.2,441.2,0
10/04/2022 16:43:48,1.5,2.0,2.3,2.6,2.4,2.2,44.5,35.7,27.0,36.2,21.0,27.7,42.2,46.1,12.9,437.5,0
10/04/2022 16:43:49,1.7,2.2,2.7,2.7,2.3,2.0,40.2,37.4,25.6,47.0,18.4,30.0,40.4,42.2,13.3,441.9,0
10/04/2022 16:43:50,1.6,2.0,2.8,2.0,2.0,2.4,43.4,38.2,27.8,39.8,19.5,30.5,37.0,44.0,12.3,439.6,0
10/04/2022 16:43:51,2.9,2.2,2.4,2.0,2.9,2.9,42.1,34.6,27.6,34.5,12.4,39.7,35.9,44.2,13.6,435.7,0
10/04/2022 16:43:52,1.2,2.6,2.2,2.0,2.3,2.0,38.4,38.6,25.0,41.6,19.9,35.6,47.9,35.1,13.7,444.3,0
10/04/2022 16:43:53,2.7,2.2,2.9,2.0,2.5,2.0,40.0,34.2,26.0,33.1,23.6,33.8,38.1,32.2,12.0,443.2,0
10/04/2022 16:43:54,1.4,2.2,2.0,2.4,2.2,2.6,40.6,35.1,27.6,40.6,16.9,41.3,46.6,45.5,13.8,439.8,0
10/04/2022 16:43:55,2.3,2.6,2.7,2.8,2.3,2.6,43.7,35.0,25.3,47.3,17.0,33.6,33.7,47.8,13.4,435.8,0
10/04/2022 16:43:56,1.6,2.3,2.4,2.5,2.5,2.4,38.1,33.2,25.3,47.6,14.4,22.0,39.9,42.8,12.1,435.9,0
10/04/2022 16:43:57,1.9,2.3,2.3,2.8,2.9,2.6,44.0,32.4,23.0,45.6,16.2,24.4,34.7,40.2,13.0,440.4,0
10/04/2022 16:43:58,2.3,2.0,2.5,2.9,2.2,2.4,42.7,32.5,25.0,32.3,19.6,32.4,35.7,35.5,13.5,437.1,0
10/04/2022 16:43:59,1.8,2.9,2.0,2.9,2.8,2.0,42.5,34.1,24.7,43.8,21.8,28.5,40.3,47.8,13.0,436.6,0
10/04/2022 16:44:00,1.3,2.9,2.2,2.2,2.4,2.3,44.1,35.9,27.6,33.0,19.0,43.4,36.1,35.6,12.7,436.4,0
10/04/2022 16:44:01,2.7,2.2,2.7,2.5,2.8,2.8,41.6,36.0,26.8,36.6,22.2,23.1,42.2,34.1,13.4,444.4,0
10/04/2022 16:44:02,2.6,2.9,2.9,2.6,2.7,2.2,38.3,38.4,25.8,45.3,23.9,35.6,44.8,43.2,12.3,435.2,0
10/04/2022 16:44:03,2.5,2.1,2.9,2.3,2.3,2.5,43.3,32.1,24.6,37.2,21.9,42.9,38.8,41.5,13.1,442.5,0
10/04/2022 16:44:04,1.6,2.2,2.1,2.8,2.9,2.1,39.2,35.4,24.3,40.0,14.1,24.9,32.1,33.7,12.0,435.1,0
10/04/2022 16:44:05,1.4,2.4,2.4,2.9,2.5,2.9,44.7,35.9,24.2,36.5,15.5,36.6,47.3,43.6,13.9,436.4,0
10/04/2022 16:44:06,1.6,2.1,2.6,2.5,2.1,2.6,38.7,32.3,24.4,35.6,16.9,42.1,45.2,36.9,12.5,439.2,0
10/04/2022 16:44:07,1.9,2.2,2.5,2.1,2.0,2.3,40.9,36.8,24.2,45.2,18.3,40.0,38.3,44.6,12.0,443.3,0
10/04/2022 16:44:08,2.6,2.7,2.8,2.8,2.2,2.2,44.6,36.5,26.7,35.7,12.7,26.9,32.8,45.3,13.7,440.6,0
10/04/2022 16:44:09,2.0,2.9,2.6,2.1,2.0,2.5,38.0,32.7,23.3,36.5,14.8,43.0,46.9,46.7,12.1,438.2,0
10/04/2022 16:44:10,2.3,2.5,2.5,2.3,2.7,2.4,43.4,34.9,27.3,42.7,14.5,36.8,40.8,42.5,13.4,441.5,0
10/04/2022 16:44:11,2.7,2.8,2.3,2.3,2.6,2.6,41.6,35.9,25.5,40.2,12.3,29.1,40.6,36.7,12.0,437.6,0
10/04/2022 16:44:12,1.2,2.7,2.2,2.9,2.3,2.7,38.3,37.3,23.1,35.1,19.9,42.7,42.6,38.1,12.6,444.4,0
10/04/2022 16:44:13,5.9,4.1,5.1,3.1,4.5,3.9,48.3,40.0,28.5,53.9,26.7,49.4,54.4,50.0,14.5,510.6,1
10/04/2022 16:44:14,2.8,2.2,2.7,2.5,2.0,2.7,39.4,36.1,27.9,41.3,24.2,27.6,42.8,35.8,12.0,440.4,0
10/04/2022 16:44:15,2.8,2.2,2.7,2.4,2.4,2.0,42.3,34.9,25.1,38.7,17.7,42.7,45.4,46.8,12.9,436.1,0
10/04/2022 16:44:16,1.5,2.6,2.9,2.9,2.6,2.4,43.6,34.1,25.9,45.2,24.2,33.4,39.1,37.9,12.1,441.1,0
10/04/2022 16:44:17,2.0,2.9,2.4,2.9,2.0,2.3,39.6,37.2,27.1,41.8,24.6,24.6,45.0,38.6,12.7,437.9,0
10/04/2022 16:44:18,1.6,2.0,2.8,2.2,2.0,2.4,38.8,33.8,27.8,41.5,12.0,23.1,40.2,45.5,13.8,441.2,0
10/04/2022 16:44:19,1.3,2.3,2.6,2.4,2.4,2.1,41.2,34.9,25.5,37.2,21.1,37.4,35.3,40.4,12.2,435.5,0
10/04/2022 16:44:20,2.7,2.6,2.9,2.6,2.5,2.3,37.3,32.1,26.7,44.2,24.1,30.7,38.2,46.2,13.4,441.9,0
10/04/2022 16:44:21,2.7,2.3,2.9,2.4,2.3,2.2,41.1,32.7,25.7,40.7,18.3,35.5,44.9,45.1,13.9,444.7,0
10/04/2022 16:44:22,2.6,2.7,2.6,2.1,2.3,2.3,39.7,33.2,27.4,38.8,20.3,43.0,45.5,46.4,13.8,441.4,0
10/04/2022 16:44:23,1.4,2.6,2.3,2.3,2.1,2.5,38.2,35.9,23.5,33.6,22.6,27.6,42.0,37.1,12.4,444.4,0
10/04/2022 16:44:24,1.8,2.1,2.9,2.8,2.7,2.5,38.3,33.7,27.6,44.9,14.0,43.6,39.2,36.6,13.2,440.7,0
10/04/2022 16:44:25,2.8,2.9,2.8,2.1,2.9,2.7,44.2,38.2,27.4,39.7,17.1,23.7,37.5,34.7,13.8,438.4,0
10/04/2022 16:44:26,1.7,2.6,2.3,2.9,2.0,2.1,37.0,32.5,27.6,43.7,18.9,24.4,39.0,39.0,12.0,435.9,0
10/04/2022 16:44:27,1.6,2.7,2.4,2.3,2.3,2.0,44.6,38.4,24.3,44.9,24.9,38.0,37.5,34.3,12.6,435.7,0
10/04/2022 16:44:28,2.5,2.8,2.1,2.8,2.4,2.6,39.6,34.0,24.4,41.5,14.0,43.4,34.4,47.7,12.4,440.6,0
10/04/2022 16:44:29,2.7,2.6,2.7,2.2,2.9,2.6,44.4,33.7,26.1,45.7,14.4,35.9,32.9,47.9,12.8,439.4,0
10/04/2022 16:44:30,2.7,2.2,2.8,2.6,2.9,2.0,38.3,32.1,27.7,43.9,14.5,28.2,45.2,34.8,12.3,444.9,0
10/04/2022 16:44:31,1.4,2.2,2.6,2.1,2.7,2.9,42.0,33.3,24.6,41.6,23.8,43.3,35.8,47.7,12.5,440.7,0
10/04/2022 16:44:32,5.7,5.9,4.1,4.4,3.5,5.0,47.6,43.2,29.8,54.4,26.9,47.4,53.7,49.8,15.5,562.2,1
10/04/2022 16:44:33,2.9,2.4,2.3,2.7,2.9,2.0,39.5,33.3,25.8,47.3,12.7,32.9,36.4,42.0,12.1,442.7,0
10/04/2022 16:44:34,2.2,2.9,2.5,2.7,2.6,2.1,40.1,37.7,25.5,35.2,20.1,22.5,33.6,36.8,13.3,438.6,0
10/04/2022 16:44:35,2.8,2.0,2.1,2.9,2.7,2.9,42.4,32.0,24.3,41.5,19.3,27.9,37.1,33.0,13.1,442.7,0
10/04/2022 16:44:36,2.9,2.4,2.7,2.0,2.1,2.4,37.4,37.0,25.3,46.8,17.9,22.2,36.8,42.9,13.2,442.0,0
10/04/2022 16:44:37,1.0,2.9,2.3,2.4,2.7,2.3,44.7,32.8,23.6,46.4,17.1,37.1,32.0,32.4,12.4,438.6,0
10/04/2022 16:44:38,2.5,2.1,2.1,2.6,2.9,2.0,40.1,35.7,24.3,41.5,23.6,42.9,35.1,47.1,13.3,440.1,0
10/04/2022 16:44:39,2.8,2.3,2.7,2.3,2.5,2.5,37.3,34.8,27.0,47.6,18.2,33.8,36.7,33.5,13.8,443.8,0
10/04/2022 16:44:40,2.2,2.5,2.2,2.8,2.9,2.3,38.0,32.1,27.6,43.2,16.2,33.2,45.0,47.1,13.8,442.2,0
10/04/2022 16:44:41,2.8,2.8,2.1,2.3,2.1,2.4,39.6,37.4,25.6,34.4,15.2,23.7,42.3,35.2,13.7,436.6,0
10/04/2022 16:44:42,1.0,2.5,2.5,2.6,2.1,2.7,40.2,33.3,24.4,41.6,23.3,30.0,46.3,32.7,13.7,437.9,0
10/04/2022 16:44:43,1.2,2.0,2.1,2.6,2.9,2.7,43.7,38.7,27.0,36.5,16.6,32.3,46.7,36.2,12.2,444.4,0
10/04/2022 16:44:44,2.7,2.4,2.3,2.1,2.9,2.9,42.2,38.7,25.2,45.7,15.6,23.7,36.7,32.4,13.8,435.0,0
10/04/2022 16:44:45,2.9,2.6,2.1,2.1,2.5,2.8,40.5,33.6,27.4,33.9,17.8,35.1,34.8,37.7,12.4,444.1,0
10/04/2022 16:44:46,2.8,2.0,2.9,2.9,2.6,2.3,44.7,32.8,25.2,39.4,22.1,27.2,41.9,46.9,12.8,442.5,0
10/04/2022 16:44:47,2.6,2.1,2.6,2.5,2.5,2.6,44.2,38.7,26.5,32.1,15.5,34.0,32.0,45.1,13.2,436.8,0
10/04/2022 16:44:48,1.0,2.5,2.2,2.7,2.5,2.2,40.0,33.5,25.9,45.2,24.1,22.7,42.3,45.4,12.8,444.6,0
10/04/2022 16:44:49,1.2,2.2,2.6,2.1,2.0,2.5,44.7,37.2,23.3,44.4,20.9,25.6,44.3,45.8,13.6,441.6,0
10/04/2022 16:44:50,1.5,2.8,2.3,2.0,2.3,2.9,43.5,33.9,23.3,35.0,16.4,37.3,40.5,32.2,13.8,441.9,0
10/04/2022 16:44:51,1.8,2.9,2.4,2.3,2.7,2.9,39.3,38.3,26.6,38.1,20.5,25.1,39.8,47.6,13.9,442.8,0
10/04/2022 16:44:52,2.3,2.4,2.1,2.5,2.1,2.7,37.6,35.3,25.0,33.9,21.2,38.1,37.2,46.5,12.6,436.2,0
10/04/2022 16:44:53,1.5,2.1,2.4,2.6,2.6,2.7,38.7,38.3,23.5,37.5,18.3,23.2,40.5,34.5,12.2,442.0,0
10/04/2022 16:44:54,2.0,2.4,2.2,2.9,2.5,2.0,44.3,37.6,26.3,42.8,14.6,27.0,42.6,44.0,13.2,436.7,0
10/04/2022 16:44:55,2.0,2.4,2.0,2.0,2.0,2.2,42.0,34.1,27.0,37.6,14.5,33.9,38.8,45.3,13.8,442.3,0
10/04/2022 16:44:56,2.3,2.7,2.2,2.6,2.7,2.8,37.0,34.6,26.0,45.0,14.0,31.8,33.4,32.0,13.7,437.2,0
10/04/2022 16:44:57,1.2,2.9,2.7,2.6,2.9,2.0,38.3,34.0,25.6,39.7,20.0,26.8,46.8,39.9,13.5,437.7,0
10/04/2022 16:44:58,2.5,2.6,2.6,2.5,2.6,2.6,44.3,33.1,27.8,40.9,13.7,23.4,46.6,41.6,13.3,439.1,0
10/04/2022 16:44:59,1.7,2.9,2.9,2.7,2.8,2.9,43.2,38.9,27.4,42.7,18.0,39.9,45.2,43.5,13.0,444.1,0
10/04/2022 16:45:00,2.6,2.3,2.3,2.9,2.7,2.3,44.2,32.9,23.1,44.0,12.2,32.5,34.3,45.8,12.8,437.6,0
10/04/2022 16:45:01,2.0,2.5,2.4,2.5,2.3,2.6,38.7,37.2,24.1,46.7,17.1,44.5,41.3,43.1,12.8,436.0,0
10/04/2022 16:45:02,1.5,2.9,2.5,2.1,2.4,2.1,40.0,35.7,23.1,32.1,24.5,40.7,44.0,34.8,13.2,435.2,0
10/04/2022 16:45:03,2.8,2.4,2.1,2.1,2.8,2.7,39.6,32.9,24.1,43.4,14.9,31.5,44.0,35.8,13.8,435.9,0
10/04/2022 16:45:04,1.0,2.4,2.2,2.2,2.8,2.4,44.9,36.5,24.7,45.8,18.3,24.1,36.5,47.2,12.5,438.7,0
10/04/2022 16:45:05,1.3,2.3,2.0,2.3,2.9,2.1,43.9,37.6,25.4,42.3,14.1,31.9,36.4,32.2,13.5,435.1,0
10/04/2022 16:45:06,1.5,2.8,2.4,2.2,2.8,2.7,42.9,35.9,27.1,37.4,21.6,26.6,36.3,37.0,13.8,435.1,0
10/04/2022 16:45:07,1.3,2.7,2.7,2.2,2.7,2.7,42.0,35.3,25.8,38.2,13.2,33.7,47.6,42.8,12.0,435.3,0
10/04/2022 16:45:08,2.4,2.1,2.9,2.7,2.6,2.8,37.1,38.9,25.0,43.3,16.2,23.6,32.3,36.2,13.1,444.4,0
10/04/2022 16:45:09,1.7,2.9,2.0,2.0,2.1,2.5,43.0,38.5,25.6,43.2,23.1,37.0,37.1,35.6,13.2,440.1,0
10/04/2022 16:45:10,2.1,2.1,2.6,2.8,2.9,2.4,37.0,33.9,23.5,40.8,20.9,29.9,35.9,33.7,13.6,438.8,0
10/04/2022 16:45:11,1.8,2.3,2.5,2.9,2.6,2.6,43.7,34.8,26.2,42.4,17.2,41.3,39.1,32.7,13.0,441.0,0
10/04/2022 16:45:12,1.8,2.0,2.4,2.8,2.5,2.5,41.0,35.0,25.3,46.6,12.1,31.8,46.3,43.1,13.3,439.7,0
10/04/2022 16:45:13,2.2,2.1,2.5,2.5,2.7,2.0,39.9,32.5,23.0,33.7,14.1,40.9,33.3,39.8,13.4,435.1,0
10/04/2022 16:45:14,1.0,2.2,2.8,2.0,2.7,2.5,42.4,38.3,24.0,43.6,21.1,26.7,45.7,45.3,12.3,441.2,0
10/04/2022 16:45:15,2.1,2.6,2.0,2.1,2.5,2.4,44.9,32.8,24.2,35.4,18.4,31.0,35.6,40.0,12.4,440.2,0
10/04/2022 16:45:16,1.0,2.1,2.9,2.0,2.4,2.4,41.1,32.2,24.8,32.5,15.8,40.6,38.0,42.8,13.4,440.3,0
10/04/2022 16:45:17,2.1,2.8,2.4,2.1,2.5,2.2,40.2,35.1,25.2,33.7,17.4,30.0,46.4,45.7,13.3,440.9,0
10/04/2022 16:45:18,2.9,2.1,2.3,2.2,2.6,2.1,44.7,34.1,23.9,47.6,17.9,28.5,44.5,38.5,12.3,435.4,0
10/04/2022 16:45:19,2.7,2.9,2.9,2.9,2.5,2.3,39.4,32.4,24.8,46.8,21.1,26.4,41.7,46.1,12.9,442.8,0
10/04/2022 16:45:20,2.3,2.2,2.4,2.9,2.1,2.7,41.9,35.9,23.7,37.1,12.5,35.0,40.1,38.2,12.2,436.7,0
10/04/2022 16:45:21,1.1,2.4,2.1,2.8,2.5,2.7,40.2,33.7,26.8,44.2,13.6,44.2,44.5,37.1,12.4,440.5,0
10/04/2022 16:45:22,2.2,2.9,2.3,2.2,2.5,2.9,37.8,35.5,23.7,44.4,24.1,22.8,40.3,33.9,13.0,435.3,0
10/04/2022 16:45:23,1.1,2.7,2.5,2.5,2.5,2.3,39.5,36.8,24.4,47.8,17.9,33.0,40.9,36.4,13.0,436.0,0
10/04/2022 16:45:24,1.0,2.9,2.4,2.4,2.7,2.5,40.7,32.9,27.6,33.0,16.9,26.5,35.6,33.5,12.7,442.1,0
10/04/2022 16:45:25,2.8,2.7,2.3,2.5,2.7,2.7,42.0,35.6,25.9,36.6,19.6,30.7,33.8,35.2,13.4,442.3,0
10/04/2022 16:45:26,1.5,2.2,2.2,2.6,2.8,2.0,38.1,35.7,26.8,39.2,12.8,23.6,45.6,40.9,12.3,439.9,0
10/04/2022 16:45:27,1.3,2.6,2.3,2.1,2.5,2.5,40.6,33.0,23.4,34.2,17.4,30.2,47.4,42.7,12.2,438.9,0
10/04/2022 16:45:28,1.0,2.0,2.8,2.9,2.2,2.0,43.9,36.5,25.0,38.9,14.8,33.0,45.9,37.5,13.6,443.0,0
10/04/2022 16:45:29,1.4,2.6,2.2,2.4,2.1,2.3,40.8,37.2,24.9,37.9,18.8,24.6,39.6,44.8,12.4,439.5,0
10/04/2022 16:45:30,1.8,2.4,2.3,2.7,2.0,2.9,40.0,33.4,27.6,36.2,16.5,29.4,32.9,41.9,12.7,444.5,0
10/04/2022 16:45:31,1.5,2.4,2.4,2.4,2.5,2.2,40.7,34.7,27.1,44.8,23.3,35.6,35.7,40.9,13.2,443.5,0
10/04/2022 16:45:32,1.8,2.4,2.6,2.0,2.8,2.0,41.4,36.4,23.1,37.2,17.5,41.4,37.0,33.5,13.6,439.3,0
10/04/2022 16:45:33,1.9,2.1,2.8,2.8,2.8,2.7,41.8,36.5,23.9,45.9,24.9,44.4,44.1,44.7,13.3,436.0,0
10/04/2022 16:45:34,1.3,2.5,2.1,2.7,2.9,2.3,43.9,35.7,24.9,41.0,15.4,32.8,39.1,46.7,12.5,438.6,0
10/04/2022 16:45:35,2.2,2.9,2.9,2.4,2.4,2.3,38.3,36.8,27.7,41.8,16.3,29.0,36.5,44.4,12.4,439.5,0
10/04/2022 16:45:36,2.9,2.6,2.3,2.9,2.2,2.4,39.5,35.6,24.4,45.8,16.7,35.8,47.8,33.7,12.2,444.0,0
10/04/2022 16:45:37,1.2,2.2,2.2,2.3,2.5,2.4,40.0,37.7,23.1,42.6,14.0,34.1,46.8,44.2,12.6,442.4,0
10/04/2022 16:45:38,2.7,2.3,2.3,2.3,2.6,2.8,38.2,33.4,26.9,47.8,12.1,27.7,37.1,35.0,13.5,437.1,0
10/04/2022 16:45:39,1.8,2.5,2.8,2.3,2.8,2.7,38.7,32.6,23.5,42.7,18.9,23.6,32.5,44.8,12.4,444.4,0
10/04/2022 16:45:40,1.0,2.5,2.0,2.4,2.6,2.9,42.9,33.7,26.0,45.5,18.1,34.2,35.8,44.4,12.1,436.1,0
10/04/2022 16:45:41,1.3,2.6,2.5,2.7,2.8,2.7,38.9,33.3,27.2,43.6,22.0,24.2,35.8,44.8,13.7,437.1,0
10/04/2022 16:45:42,1.6,2.2,2.9,2.9,2.2,2.0,39.3,36.4,24.6,35.4,21.6,30.7,47.2,44.6,12.0,439.5,0
10/04/2022 16:45:43,1.9,2.1,2.5,2.0,2.5,2.0,39.3,38.3,23.2,47.4,24.5,31.2,34.4,40.6,12.2,436.4,0
10/04/2022 16:45:44,1.6,2.7,2.0,2.8,2.2,2.1,38.2,36.3,24.7,40.4,18.7,42.6,42.4,37.8,13.6,443.5,0
10/04/2022 16:45:45,1.5,2.2,2.2,2.8,2.3,2.7,44.3,37.7,25.8,37.0,18.9,30.0,42.7,47.6,13.5,440.3,0
10/04/2022 16:45:46,1.5,2.3,2.6,2.0,2.1,2.6,44.9,36.4,27.4,40.3,17.4,35.8,37.7,47.7,12.1,435.2,0
10/04/2022 16:45:47,2.1,2.7,2.4,2.6,2.1,2.1,37.4,37.0,23.7,34.4,16.9,44.2,34.2,39.1,13.0,435.1,0
10/04/2022 16:45:48,1.4,2.6,2.8,2.7,2.5,2.0,40.4,36.6,24.3,39.0,24.6,44.8,45.2,39.7,12.7,442.1,0
10/04/2022 16:45:49,1.4,2.0,2.9,2.4,2.3,2.4,39.8,36.6,26.5,40.2,18.7,23.1,43.7,36.8,13.9,443.6,0
10/04/2022 16:45:50,1.4,2.8,2.9,2.7,2.3,2.5,39.6,36.3,24.1,35.3,15.1,44.8,44.6,37.9,12.0,442.6,0
10/04/2022 16:45:51,1.7,2.7,2.4,2.2,2.8,2.1,40.9,34.8,27.3,38.1,20.0,27.6,33.6,44.0,13.4,436.4,0
10/04/2022 16:45:52,2.7,2.7,2.7,2.4,2.1,2.7,38.2,38.9,27.8,35.3,14.9,36.7,35.4,45.2,12.4,441.1,0
10/04/2022 16:45:53,2.3,2.5,2.3,2.1,2.7,2.3,43.7,32.4,23.2,35.1,15.2,42.8,34.3,35.3,12.9,444.1,0
10/04/2022 16:45:54,1.4,2.1,2.4,2.6,2.1,2.0,43.4,36.3,25.3,38.3,14.4,26.3,35.9,38.7,13.1,439.6,0
10/04/2022 16:45:55,1.7,2.1,2.5,2.7,2.6,2.6,37.9,32.5,24.4,39.8,21.2,28.7,34.0,33.8,12.1,439.0,0
10/04/2022 16:45:56,1.5,2.8,2.5,2.5,2.1,2.1,41.8,34.4,27.9,46.0,24.6,42.8,34.7,44.7,13.2,438.4,0
10/04/2022 16:45:57,2.9,2.1,2.2,2.3,2.7,2.6,42.4,38.8,24.6,46.9,23.0,36.9,40.9,32.8,12.9,439.2,0
10/04/2022 16:45:58,1.9,2.2,2.3,2.8,2.1,2.1,39.6,35.9,25.9,34.8,22.0,44.4,33.0,38.5,13.2,439.8,0
10/04/2022 16:45:59,2.1,2.6,2.6,2.5,2.0,2.4,39.8,32.8,25.2,39.3,15.2,42.5,40.6,35.4,13.7,442.2,0
10/04/2022 16:46:00,1.6,2.9,2.1,2.8,2.2,2.9,44.4,36.5,25.5,37.7,20.3,28.4,46.0,33.6,12.7,437.3,0
10/04/2022 16:46:01,2.3,2.4,2.0,2.7,2.2,2.7,37.3,32.6,27.6,36.8,16.1,26.7,36.5,47.1,13.3,435.8,0
10/04/2022 16:46:02,2.6,2.0,2.4,2.6,2.3,2.5,44.7,36.3,25.9,39.5,22.7,39.3,35.4,45.9,13.2,440.0,0
10/04/2022 16:46:03,1.5,2.3,2.6,2.6,2.2,2.0,37.9,32.0,25.5,34.2,23.4,31.7,47.6,34.7,13.9,444.6,0
10/04/2022 16:46:04,1.2,2.8,2.7,2.7,2.7,2.6,43.9,38.7,26.4,34.2,15.6,42.2,32.1,32.7,12.6,435.0,0
10/04/2022 16:46:05,2.1,2.4,2.3,2.4,2.9,2.0,42.5,33.0,24.2,46.5,13.6,38.0,32.7,39.7,13.2,439.3,0
10/04/2022 16:46:06,2.3,2.1,2.0,2.8,2.8,2.4,39.0,35.0,26.1,39.2,13.2,30.1,42.9,33.3,12.3,436.8,0
10/04/2022 16:46:07,2.6,2.5,2.9,2.6,2.4,2.7,37.7,32.3,23.6,43.1,15.8,25.4,46.4,45.1,13.6,436.6,0
10/04/2022 16:46:08,2.5,2.1,2.5,2.2,2.8,2.7,44.4,37.6,23.8,47.8,16.3,29.6,45.9,47.2,12.5,440.6,0
10/04/2022 16:46:09,1.7,2.9,2.1,2.6,2.7,2.3,37.4,36.6,23.0,34.6,16.2,25.1,42.1,33.3,13.9,444.5,0
10/04/2022 16:46:10,1.0,2.3,2.0,2.1,2.9,2.5,43.4,32.5,27.8,37.9,18.7,26.7,41.5,34.8,13.1,443.1,0
10/04/2022 16:46:11,2.5,2.8,2.6,2.2,2.9,2.4,42.0,34.9,26.9,45.8,19.3,39.3,38.7,38.7,13.0,442.6,0
10/04/2022 16:46:12,2.7,2.9,2.9,2.3,2.0,2.2,41.0,32.5,23.3,39.9,24.6,30.9,35.2,38.4,12.1,444.8,0
10/04/2022 16:46:13,2.8,2.8,2.8,2.3,2.3,2.1,44.4,32.7,24.4,35.2,16.4,24.4,35.8,45.7,13.0,439.7,0
10/04/2022 16:46:14,2.5,2.5,2.2,2.1,2.9,2.7,40.8,36.6,27.6,34.4,16.7,23.1,45.5,42.9,12.1,439.6,0
10/04/2022 16:46:15,2.3,2.7,2.3,2.6,2.7,2.8,43.7,34.4,24.0,46.2,15.7,39.0,40.2,39.0,12.2,439.4,0
10/04/2022 16:46:16,2.7,2.1,2.0,2.7,2.0,2.9,41.2,36.4,25.1,33.5,19.3,41.9,37.0,41.5,13.5,442.8,0
10/04/2022 16:46:17,1.9,2.3,2.9,2.4,2.2,2.9,40.0,32.6,25.1,47.0,14.6,37.7,40.2,47.0,13.4,436.8,0
10/04/2022 16:46:18,1.9,2.0,2.1,2.6,2.3,2.7,44.5,34.5,24.1,47.3,14.8,43.9,46.7,34.8,13.4,444.3,0
10/04/2022 16:46:19,1.3,2.8,2.9,2.8,2.9,2.0,37.9,32.6,25.6,37.8,21.3,44.9,37.7,37.0,12.6,441.1,0
10/04/2022 16:46:20,2.5,2.1,2.9,2.6,2.4,2.9,37.4,37.4,26.5,32.7,22.4,42.6,36.6,46.9,13.9,440.8,0
10/04/2022 16:46:21,2.2,2.4,2.7,2.4,2.1,2.3,42.7,36.6,25.5,41.1,17.3,27.0,46.6,40.4,13.5,438.4,0
10/04/2022 16:46:22,1.4,2.4,2.0,2.9,2.5,2.7,44.1,37.3,23.9,36.8,14.1,34.4,41.1,32.7,12.8,437.0,0
10/04/2022 16:46:23,1.8,2.5,2.8,2.5,2.7,2.4,40.9,34.3,23.2,39.0,21.0,35.4,33.7,34.6,12.5,442.0,0
10/04/2022 16:46:24,1.0,2.3,2.1,2.4,2.1,2.6,39.7,32.5,24.7,35.4,14.4,40.0,42.3,33.8,12.6,435.3,0
10/04/2022 16:46:25,2.2,2.5,2.2,2.8,2.2,2.0,39.4,35.1,25.5,45.0,18.1,31.3,41.1,44.6,12.2,442.3,0
10/04/2022 16:46:26,2.6,2.3,2.5,2.6,2.5,2.2,42.9,38.6,27.3,36.0,13.5,25.9,46.5,39.0,13.7,443.6,0
10/04/2022 16:46:27,2.4,2.1,2.3,2.6,2.8,2.2,39.9,36.3,23.0,34.1,23.2,38.3,44.7,35.6,13.6,439.7,0
10/04/2022 16:46:28,2.1,2.7,2.2,2.6,2.4,2.0,44.5,36.6,27.8,37.4,22.4,38.3,32.3,43.6,13.7,443.9,0
10/04/2022 16:46:29,1.3,2.1,2.4,2.4,2.3,2.5,42.1,38.6,26.3,46.3,22.1,42.0,40.8,37.0,12.2,444.4,0
10/04/2022 16:46:30,2.2,2.2,2.4,2.6,2.1,2.5,43.2,38.8,24.4,43.3,16.6,42.3,45.2,41.7,13.5,444.2,0
10/04/2022 16:46:31,2.1,2.3,2.0,2.1,2.6,2.5,40.1,37.6,26.7,43.0,24.6,36.1,41.5,47.7,13.0,439.9,0
10/04/2022 16:46:32,1.2,2.0,2.9,2.0,2.5,2.6,44.2,37.5,27.1,40.8,24.1,23.5,44.8,33.0,12.0,440.8,0
10/04/2022 16:46:33,1.8,2.3,2.6,2.6,2.2,2.9,37.1,33.8,27.3,38.9,15.9,34.4,34.2,47.9,12.9,443.4,0
10/04/2022 16:46:34,1.4,2.0,2.1,2.8,2.3,2.1,43.9,36.1,24.7,35.4,17.5,34.8,33.0,46.8,12.5,442.5,0
10/04/2022 16:46:35,2.1,2.8,2.4,2.0,2.9,2.9,38.0,38.5,25.2,34.1,15.4,40.3,43.2,40.1,13.6,444.5,0
10/04/2022 16:46:36,1.7,2.1,2.9,2.6,2.7,2.5,37.2,36.9,25.0,32.3,13.1,43.7,41.0,44.3,12.6,435.7,0
10/04/2022 16:46:37,2.1,2.6,2.5,2.9,2.2,2.9,37.5,34.6,24.6,33.1,15.2,41.0,42.4,32.4,12.2,443.9,0
10/04/2022 16:46:38,1.1,2.8,2.8,2.0,2.1,2.9,38.4,33.6,23.2,41.3,23.4,23.8,34.6,33.0,12.7,438.7,0
10/04/2022 16:46:39,1.9,2.2,2.8,2.3,2.7,2.1,41.1,38.7,23.8,39.0,13.2,44.3,44.0,43.0,13.5,439.3,0
10/04/2022 16:46:40,1.3,2.9,2.5,2.4,2.8,2.1,40.1,36.4,27.4,44.4,14.6,36.7,33.9,34.0,13.5,444.7,0
10/04/2022 16:46:41,1.9,2.7,2.4,2.5,2.8,2.1,42.7,36.8,24.8,35.5,20.0,31.2,44.1,38.3,13.7,439.8,0
10/04/2022 16:46:42,2.6,2.2,2.0,2.3,2.6,2.9,41.6,38.0,26.2,46.4,21.3,32.3,38.8,43.7,13.0,442.8,0
10/04/2022 16:46:43,2.8,2.4,2.5,2.7,2.3,2.6,37.2,35.5,27.3,32.3,22.1,30.8,46.3,42.7,13.5,439.9,0
10/04/2022 16:46:44,1.5,2.3,2.8,2.2,2.4,2.5,41.0,34.7,26.2,47.2,24.3,23.0,37.5,38.2,12.1,440.4,0
10/04/2022 16:46:45,2.1,2.5,2.8,2.1,2.2,2.4,37.3,34.8,24.6,42.0,13.3,44.9,44.7,42.2,13.8,438.5,0
10/04/2022 16:46:46,2.0,2.1,2.5,2.6,2.8,2.9,43.4,37.6,26.2,47.7,14.6,25.0,45.2,44.3,13.1,444.2,0
10/04/2022 16:46:47,1.7,2.6,2.5,2.0,2.5,2.7,41.2,32.9,27.9,38.1,21.9,27.2,37.5,40.7,12.6,444.0,0
10/04/2022 16:46:48,2.8,2.6,2.6,2.1,2.1,2.7,43.7,33.7,26.6,34.8,15.3,26.2,37.7,40.4,13.0,444.9,0
10/04/2022 16:46:49,2.3,2.3,2.7,2.4,2.0,2.6,40.7,34.9,26.1,34.3,24.2,44.3,33.2,46.6,12.9,437.7,0
10/04/2022 16:46:50,1.2,2.1,2.2,2.0,2.4,2.5,40.9,37.9,25.3,44.3,21.7,36.3,46.7,45.9,13.8,444.2,0
10/04/2022 16:46:51,1.2,2.3,2.4,2.0,2.9,2.2,37.6,34.0,26.8,37.4,20.6,22.6,33.2,44.4,13.4,444.5,0
10/04/2022 16:46:52,2.7,2.0,2.3,2.8,2.5,2.9,42.5,37.2,24.9,39.6,14.0,39.1,42.5,35.4,13.8,436.8,0
10/04/2022 16:46:53,1.6,2.2,2.2,2.9,2.5,2.5,40.9,32.0,27.3,40.1,12.7,26.6,35.0,42.0,13.9,441.5,0
10/04/2022 16:46:54,2.7,2.1,2.2,2.7,2.9,2.8,39.4,37.4,25.1,34.2,15.8,26.3,40.2,34.4,12.8,439.8,0
10/04/2022 16:46:55,2.1,2.4,2.9,2.5,2.2,2.8,41.1,37.4,23.7,43.0,18.0,41.0,32.1,39.3,12.0,441.8,0
10/04/2022 16:46:56,2.4,2.9,2.4,2.8,2.0,2.5,42.4,35.4,27.2,39.4,15.6,42.6,37.3,35.5,13.1,443.3,0
10/04/2022 16:46:57,1.8,2.9,2.9,2.9,2.7,2.7,42.8,37.6,23.6,34.8,12.4,25.1,45.1,43.5,13.1,435.4,0
10/04/2022 16:46:58,2.9,2.8,2.8,2.7,2.7,2.7,44.8,35.3,24.4,46.6,19.2,29.6,42.7,36.2,12.1,436.2,0
10/04/2022 16:46:59,2.2,2.7,2.4,2.6,2.6,2.5,43.0,34.1,23.3,42.8,19.6,38.9,33.0,39.3,12.4,439.2,0
10/04/2022 16:47:00,2.4,2.7,2.3,2.8,2.3,2.5,44.2,38.8,24.3,34.2,15.6,32.3,36.2,42.1,13.6,441.1,0
10/04/2022 16:47:01,1.7,2.6,2.5,2.7,2.0,2.9,37.8,32.2,27.8,35.9,22.2,44.8,44.9,33.6,12.6,440.2,0
10/04/2022 16:47:02,1.9,2.6,2.2,2.5,2.9,2.0,43.7,34.1,24.9,39.3,23.2,41.7,34.9,34.1,12.0,437.0,0
10/04/2022 16:47:03,1.7,2.4,2.7,2.8,2.8,2.6,43.5,33.0,24.8,37.8,24.1,33.5,45.8,36.0,12.3,441.3,0
10/04/2022 16:47:04,2.9,2.4,2.2,2.2,2.1,2.3,42.8,35.7,27.7,37.1,22.4,41.9,36.3,46.7,12.9,440.2,0
10/04/2022 16:47:05,2.0,2.2,2.9,2.1,2.6,2.2,40.4,37.5,27.9,34.9,20.2,36.0,39.7,36.9,13.7,436.0,0
10/04/2022 16:47:06,2.0,2.5,2.0,2.0,2.9,2.1,40.1,33.4,26.8,46.3,24.2,31.0,33.1,42.4,12.4,440.9,0
10/04/2022 16:47:07,1.5,2.7,2.0,2.7,2.5,2.0,37.0,34.1,24.2,46.1,20.3,35.6,43.2,40.4,13.9,443.9,0
10/04/2022 16:47:08,1.2,2.0,2.0,2.0,2.9,2.3,43.1,37.1,26.5,35.9,15.9,42.7,45.5,42.0,12.1,440.1,0
10/04/2022 16:47:09,2.3,2.9,2.8,2.6,2.2,2.4,44.3,36.2,25.1,45.8,23.4,26.5,43.8,33.6,13.4,440.5,0
10/04/2022 16:47:10,1.4,2.9,2.8,2.2,2.7,2.0,41.6,34.2,26.5,40.4,24.6,29.5,45.9,41.1,13.1,438.5,0
10/04/2022 16:47:11,1.7,2.4,2.2,2.6,2.4,2.9,40.6,37.0,25.3,42.3,16.5,44.2,43.9,41.1,13.6,438.2,0
10/04/2022 16:47:12,1.9,2.6,2.5,2.3,2.5,2.5,43.2,37.3,23.6,40.5,19.4,35.0,38.2,44.9,12.5,442.2,0
10/04/2022 16:47:13,2.4,2.7,2.9,2.6,2.3,2.7,42.0,32.1,27.7,44.7,22.3,40.6,47.1,37.4,12.9,437.5,0
10/04/2022 16:47:14,1.6,2.8,2.8,2.2,2.4,2.9,41.2,38.0,24.3,46.5,13.0,26.1,41.0,38.3,12.7,436.4,0
10/04/2022 16:47:15,1.4,2.4,2.1,2.4,2.4,2.8,38.7,37.3,27.9,36.2,21.3,30.6,32.5,38.7,13.3,439.2,0
10/04/2022 16:47:16,2.8,2.4,2.2,2.5,2.3,2.8,37.9,34.0,23.1,42.6,24.3,38.1,47.9,35.2,13.6,436.4,0
10/04/2022 16:47:17,1.7,2.3,2.6,2.4,2.3,2.9,41.1,35.1,24.8,39.7,12.1,33.3,46.2,47.7,12.7,444.9,0
10/04/2022 16:47:18,2.2,2.8,2.6,2.9,2.3,2.8,43.2,33.2,25.3,36.0,14.2,36.9,34.8,39.7,12.6,438.2,0
10/04/2022 16:47:19,1.7,2.8,2.6,2.8,2.2,2.2,38.1,32.5,26.0,42.1,19.1,30.3,44.6,47.3,13.5,435.8,0
10/04/2022 16:47:20,1.8,2.1,2.8,2.0,2.4,2.0,42.9,35.1,26.8,41.4,18.6,30.8,39.2,32.5,12.9,444.2,0
10/04/2022 16:47:21,1.9,2.4,2.4,2.2,2.2,2.2,42.4,35.6,23.4,35.7,13.9,33.3,34.0,41.4,13.2,437.0,0
10/04/2022 16:47:22,1.1,2.2,2.4,2.6,2.7,2.8,40.8,38.7,23.1,40.5,19.6,24.2,35.3,32.5,13.7,436.0,0
10/04/2022 16:47:23,1.1,2.0,2.4,2.5,2.3,2.8,44.8,35.4,25.0,44.9,22.4,41.0,40.0,42.4,12.4,442.8,0
10/04/2022 16:47:24,1.1,2.7,2.7,2.0,2.5,2.4,42.9,38.9,26.3,42.4,17.0,23.0,35.8,37.1,12.7,435.0,0
10/04/2022 16:47:25,1.8,2.7,2.7,2.5,2.5,2.1,40.4,35.2,23.1,33.3,20.8,31.3,42.9,33.8,12.3,438.1,0
10/04/2022 16:47:26,2.4,2.5,2.2,2.6,2.0,2.4,41.3,34.8,26.6,40.7,17.1,37.2,46.3,41.7,12.8,442.8,0
10/04/2022 16:47:27,2.1,2.5,2.8,2.3,2.2,2.0,37.9,33.9,24.1,41.6,19.7,32.6,35.2,34.4,13.3,440.2,0
10/04/2022 16:47:28,1.2,2.1,2.9,2.9,2.8,2.0,44.0,36.5,26.4,46.3,21.0,40.6,32.9,33.6,13.0,438.9,0
10/04/2022 16:47:29,1.3,2.0,2.2,2.6,2.5,2.1,41.1,36.4,24.0,35.4,21.1,26.1,38.2,40.4,12.2,440.4,0
10/04/2022 16:47:30,2.0,2.8,2.4,2.7,2.2,2.3,38.9,36.9,27.7,38.6,19.4,27.9,37.6,44.1,12.3,438.8,0
10/04/2022 16:47:31,1.5,2.0,2.2,2.1,2.3,2.3,39.8,38.3,23.6,34.2,22.3,44.4,45.9,34.2,13.1,442.0,0
10/04/2022 16:47:32,2.9,2.8,2.6,2.7,2.0,2.8,41.0,34.0,23.0,37.0,22.6,42.9,46.1,47.3,12.8,440.4,0
10/04/2022 16:47:33,1.4,2.9,2.7,2.1,2.7,2.3,42.4,35.6,24.1,45.7,13.6,37.0,44.0,40.1,12.3,444.5,0
10/04/2022 16:47:34,2.1,2.0,2.7,2.6,2.7,2.3,38.1,33.2,23.6,32.6,22.9,40.5,36.4,34.5,13.6,440.0,0
10/04/2022 16:47:35,1.0,2.3,2.3,2.4,2.5,2.2,38.8,35.2,25.2,39.7,16.7,41.4,41.9,34.2,13.9,436.2,0
10/04/2022 16:47:36,4.3,4.2,4.9,4.1,5.6,5.1,50.0,39.2,28.5,53.7,26.2,54.5,51.3,49.7,14.2,574.1,1
10/04/2022 16:47:37,1.1,2.1,2.5,2.9,2.7,2.3,41.6,35.8,26.2,44.4,21.5,27.3,45.1,36.9,13.1,444.0,0
10/04/2022 16:47:38,1.9,2.7,2.0,2.5,2.3,2.5,39.8,37.2,26.4,45.8,23.0,31.2,45.7,34.3,12.1,439.9,0
10/04/2022 16:47:39,2.0,2.1,2.9,2.5,2.8,2.3,42.9,36.6,26.8,41.7,19.7,32.9,37.0,44.8,13.8,442.9,0
10/04/2022 16:47:40,1.7,2.7,2.0,2.0,2.9,2.7,44.7,35.3,26.6,32.0,19.2,26.4,34.0,36.0,13.8,441.3,0
10/04/2022 16:47:41,2.3,2.2,2.4,2.8,2.8,2.3,37.9,37.3,26.7,32.7,16.2,39.6,40.2,43.2,13.2,443.7,0
10/04/2022 16:47:42,1.5,2.3,2.1,2.3,2.4,2.6,41.0,36.9,26.1,46.6,19.7,41.7,34.2,32.6,12.5,442.5,0
10/04/2022 16:47:43,2.0,2.8,2.3,2.1,2.6,2.3,38.2,34.0,25.3,43.9,22.6,38.5,47.6,38.4,13.2,440.5,0
10/04/2022 16:47:44,1.1,2.7,2.0,2.3,2.3,2.9,37.3,33.9,26.2,42.9,17.7,29.1,44.8,44.0,13.3,443.9,0
10/04/2022 16:47:45,2.7,2.6,2.2,2.3,2.5,2.0,37.2,32.9,24.7,34.6,16.6,44.4,38.7,46.4,13.2,440.0,0
10/04/2022 16:47:46,1.6,2.1,2.7,2.6,2.6,2.9,40.8,38.5,23.6,38.3,19.2,25.9,37.0,32.1,13.6,443.5,0
10/04/2022 16:47:47,1.3,2.1,2.5,2.4,2.2,2.8,37.4,34.1,26.4,35.3,14.4,38.8,44.8,37.2,13.9,439.1,0
10/04/2022 16:47:48,1.5,2.7,2.8,2.3,2.3,2.4,42.4,38.6,27.6,47.4,14.5,36.8,39.0,41.7,13.0,435.9,0
10/04/2022 16:47:49,1.3,2.3,2.5,2.7,2.0,2.6,39.2,35.1,24.6,33.5,21.5,40.9,45.8,39.7,13.1,443.5,0
10/04/2022 16:47:50,1.0,2.5,2.4,2.3,2.0,2.8,39.4,38.4,23.9,45.7,21.1,28.6,38.6,45.5,13.0,435.1,0
10/04/2022 16:47:51,1.4,2.9,2.6,2.3,2.1,2.6,37.7,36.8,27.1,35.5,14.8,38.1,41.9,38.0,13.8,442.4,0
10/04/2022 16:47:52,2.7,2.3,2.7,2.6,2.6,2.9,42.6,34.2,26.3,40.7,12.8,35.6,40.8,32.3,13.7,441.8,0
10/04/2022 16:47:53,2.1,2.1,2.2,2.4,2.6,2.6,42.6,32.0,26.7,46.0,23.3,28.9,43.5,38.9,12.0,442.5,0
10/04/2022 16:47:54,2.5,2.2,2.3,2.1,2.6,2.2,43.8,34.5,23.0,40.4,18.4,22.9,36.1,45.1,12.0,443.1,0
10/04/2022 16:47:55,1.4,2.1,2.0,2.2,2.1,2.3,39.6,33.7,26.3,34.6,16.5,32.5,42.9,41.0,13.3,437.4,0
10/04/2022 16:47:56,1.5,2.7,2.7,2.9,2.4,2.7,44.7,38.0,24.7,46.1,12.7,30.1,36.6,35.8,13.4,440.7,0
10/04/2022 16:47:57,2.4,2.8,2.1,2.1,2.4,2.7,38.0,32.7,25.5,47.2,23.8,38.6,44.9,37.6,12.5,437.5,0
10/04/2022 16:47:58,1.1,2.3,2.9,2.2,2.4,2.9,38.5,38.8,26.1,41.0,20.7,35.0,43.5,35.5,13.6,435.5,0
10/04/2022 16:47:59,2.8,2.9,2.6,2.6,2.1,2.2,41.6,34.6,23.7,46.6,19.9,32.2,46.8,47.2,12.0,437.5,0
10/04/2022 16:48:00,2.1,2.3,2.3,2.2,2.5,2.1,38.7,38.7,25.9,45.6,14.9,28.8,33.4,37.8,13.6,438.8,0
10/04/2022 16:48:01,2.4,2.6,2.3,2.3,2.2,2.4,38.1,35.3,25.7,43.2,17.9,25.8,39.9,40.6,13.3,443.6,0
10/04/2022 16:48:02,1.7,2.4,2.6,2.1,2.6,2.0,39.0,35.0,24.7,45.0,17.4,37.2,44.7,32.3,12.5,439.1,0
10/04/2022 16:48:03,1.7,2.9,2.2,2.3,2.0,2.3,44.2,32.9,25.2,42.9,12.1,34.3,40.8,41.7,12.1,443.1,0
10/04/2022 16:48:04,2.9,2.0,2.3,2.4,2.0,2.4,41.8,37.0,26.1,44.1,16.0,36.8,33.1,38.0,13.4,441.1,0
10/04/2022 16:48:05,1.4,2.7,2.9,2.7,2.1,2.7,39.8,35.4,24.8,39.9,21.8,40.0,43.3,41.9,13.9,443.2,0
10/04/2022 16:48:06,1.0,2.5,2.8,2.8,2.3,2.7,44.5,36.6,24.8,43.6,21.8,24.4,45.8,44.6,13.9,443.8,0
10/04/2022 16:48:07,1.0,2.2,2.5,2.9,2.8,2.9,40.7,35.3,25.7,44.7,16.0,41.2,47.4,39.3,12.9,435.5,0
10/04/2022 16:48:08,2.8,2.0,2.5,2.9,2.5,2.8,39.6,32.1,27.9,35.3,15.3,43.9,36.5,47.8,13.5,441.7,0
10/04/2022 16:48:09,2.3,2.6,2.5,2.7,2.3,2.6,37.7,35.9,24.0,32.9,22.3,24.9,40.8,43.8,12.2,442.9,0
10/04/2022 16:48:10,3.1,4.4,3.2,3.2,4.9,3.9,54.6,42.3,28.9,49.3,26.3,53.9,50.9,55.2,15.7,448.2,1
10/04/2022 16:48:11,1.6,2.1,2.3,2.0,2.5,2.0,41.2,34.0,24.7,33.9,20.0,37.3,42.5,47.4,13.3,436.0,0
10/04/2022 16:48:12,2.1,2.9,2.6,2.1,2.5,2.1,44.3,32.8,26.3,39.2,12.1,22.3,39.2,43.7,12.0,439.1,0
10/04/2022 16:48:13,1.9,2.7,2.9,2.5,2.0,2.6,42.4,35.0,27.6,45.4,17.2,40.9,44.1,46.4,13.2,438.2,0
10/04/2022 16:48:14,2.1,2.9,2.6,2.2,2.8,2.3,40.5,33.1,26.8,36.5,19.6,22.9,40.7,47.7,13.9,437.0,0
10/04/2022 16:48:15,2.8,2.6,2.9,2.1,2.5,2.7,42.6,32.4,27.9,47.1,13.7,31.5,35.8,38.6,13.9,443.5,0
10/04/2022 16:48:16,2.6,2.8,2.6,2.9,2.2,2.9,38.3,38.1,23.7,38.6,22.7,41.5,46.7,43.6,12.8,441.5,0
10/04/2022 16:48:17,2.5,2.4,2.5,2.6,2.7,2.5,37.1,36.6,25.6,42.5,19.9,24.5,47.7,46.1,13.1,440.3,0
10/04/2022 16:48:18,2.7,2.8,2.6,2.1,2.8,2.2,44.7,34.9,24.7,40.4,23.6,44.2,46.1,46.0,13.5,439.0,0
10/04/2022 16:48:19,1.7,2.0,2.6,2.5,2.0,2.9,40.1,35.6,24.7,38.3,20.3,31.7,32.4,45.8,12.5,443.3,0
10/04/2022 16:48:20,2.1,2.6,2.7,2.8,2.3,2.9,43.4,34.0,23.2,36.0,14.5,39.2,44.4,46.0,13.9,438.0,0
10/04/2022 16:48:21,2.4,2.8,2.4,2.6,2.9,2.2,40.7,37.1,25.6,32.1,15.7,44.5,47.1,39.3,13.6,437.4,0
10/04/2022 16:48:22,2.2,2.9,2.6,2.3,2.2,2.2,44.5,38.7,26.7,39.2,17.7,40.9,40.5,34.3,13.8,438.5,0
10/04/2022 16:48:23,2.7,2.2,2.5,2.0,2.1,2.1,38.2,34.3,24.2,45.4,14.8,22.7,45.8,37.4,12.3,435.6,0
10/04/2022 16:48:24,1.6,2.7,2.0,2.9,2.4,2.6,42.4,32.0,24.3,37.2,14.6,43.9,46.2,32.6,13.8,440.2,0
10/04/2022 16:48:25,1.2,2.5,2.6,2.0,2.1,2.1,44.2,33.3,24.6,34.7,24.9,41.3,36.9,44.3,13.6,436.1,0
10/04/2022 16:48:26,1.6,2.2,2.2,2.5,2.4,2.7,39.8,37.7,25.1,43.3,24.1,44.6,37.9,35.8,12.2,443.5,0
10/04/2022 16:48:27,2.0,2.6,2.3,2.2,2.8,2.2,44.2,37.0,24.1,44.8,16.2,22.3,32.9,39.6,13.0,435.6,0
10/04/2022 16:48:28,1.7,2.2,2.7,2.1,2.1,2.3,38.1,38.5,27.4,45.8,12.6,32.6,42.9,38.6,12.2,444.8,0
10/04/2022 16:48:29,1.0,2.5,2.5,2.5,2.4,2.9,37.8,34.1,26.6,37.2,14.8,32.1,45.9,42.2,13.8,438.8,0
10/04/2022 16:48:30,2.8,2.0,2.9,2.6,2.9,2.9,40.7,35.6,25.4,32.3,19.0,29.1,46.7,46.1,13.7,443.1,0
10/04/2022 16:48:31,2.0,2.8,2.4,2.1,2.8,2.1,41.3,35.0,25.2,39.0,17.8,33.2,41.4,39.0,12.7,443.2,0
10/04/2022 16:48:32,2.0,2.4,2.9,2.8,2.3,2.2,43.3,32.2,27.4,32.6,14.1,44.1,36.0,47.5,12.2,440.7,0
10/04/2022 16:48:33,1.6,2.3,2.9,2.1,2.1,2.3,39.7,36.6,26.5,42.1,18.7,37.9,47.7,42.7,13.1,442.9,0
10/04/2022 16:48:34,2.2,2.4,2.9,2.5,2.5,2.9,40.7,38.8,26.3,38.2,20.1,27.0,32.7,40.7,12.5,443.5,0
10/04/2022 16:48:35,1.4,2.9,2.2,2.8,2.5,2.6,39.2,34.7,23.9,37.9,14.3,29.7,39.9,34.8,13.0,438.4,0
10/04/2022 16:48:36,1.0,2.9,2.9,2.1,2.2,2.0,38.9,37.1,24.6,44.5,12.1,30.2,35.3,39.1,12.9,436.7,0
10/04/2022 16:48:37,1.4,2.5,2.5,2.5,2.9,2.5,43.0,32.0,26.7,33.4,23.1,32.1,37.8,46.7,13.7,438.9,0
10/04/2022 16:48:38,1.3,2.1,2.7,2.8,2.4,2.1,38.0,34.8,24.1,37.0,16.5,40.3,47.9,38.6,13.5,443.1,0
10/04/2022 16:48:39,1.0,2.3,2.4,2.1,2.4,2.0,40.4,36.2,23.2,36.7,18.4,39.2,41.2,33.5,13.4,440.4,0
10/04/2022 16:48:40,1.9,2.3,2.8,2.7,2.9,2.6,42.6,35.1,25.1,34.0,15.4,43.0,38.9,46.1,12.5,442.4,0
10/04/2022 16:48:41,1.0,2.6,2.3,2.9,2.3,2.1,39.5,34.5,27.9,36.9,22.3,44.1,47.2,36.7,12.4,444.2,0
10/04/2022 16:48:42,1.7,2.1,2.4,2.6,2.7,2.0,40.6,35.1,24.2,43.1,24.7,41.7,37.4,38.1,12.2,436.2,0
10/04/2022 16:48:43,1.7,2.5,2.2,2.0,2.5,2.7,41.4,33.4,27.0,43.1,24.8,43.4,47.7,46.0,13.7,437.7,0
10/04/2022 16:48:44,2.4,2.5,2.0,2.9,2.3,2.5,38.6,35.5,27.7,45.7,17.0,42.9,34.6,42.3,12.9,440.1,0
10/04/2022 16:48:45,2.1,2.4,2.5,2.2,2.9,2.2,44.6,33.5,26.8,40.9,24.2,43.0,33.4,34.7,12.6,444.9,0
10/04/2022 16:48:46,1.7,2.3,2.1,2.0,2.7,2.2,39.6,38.0,27.0,42.4,15.9,34.7,47.1,37.6,13.0,444.7,0
10/04/2022 16:48:47,1.9,2.1,2.5,2.3,2.9,2.4,41.2,37.6,24.8,33.4,13.2,25.4,37.9,42.4,13.3,443.7,0
10/04/2022 16:48:48,1.3,2.9,2.7,2.0,2.0,2.5,40.5,33.1,23.6,36.9,15.7,41.7,39.6,38.7,13.2,444.4,0
10/04/2022 16:48:49,1.0,2.1,2.6,2.0,2.6,2.1,41.3,33.5,27.9,45.3,13.5,32.6,40.2,38.6,13.6,437.0,0
10/04/2022 16:48:50,2.3,2.4,2.0,2.6,2.5,2.6,41.5,36.4,24.6,34.6,12.7,23.2,32.2,43.9,12.9,436.5,0
10/04/2022 16:48:51,1.8,2.7,2.8,2.1,2.8,2.2,44.8,36.7,27.4,36.5,18.3,28.5,46.2,35.1,12.0,436.6,0
10/04/2022 16:48:52,2.7,2.7,2.8,2.9,2.1,2.5,43.6,33.2,25.9,45.8,18.6,25.3,45.6,44.4,12.1,435.0,0
10/04/2022 16:48:53,1.0,2.6,2.7,2.6,2.9,2.0,41.3,38.0,25.7,42.7,17.0,40.3,42.1,37.1,12.2,436.9,0
10/04/2022 16:48:54,1.4,2.9,2.1,2.2,2.6,2.2,44.7,38.2,27.4,44.3,20.2,44.0,33.4,32.1,12.9,444.3,0
10/04/2022 16:48:55,2.9,2.9,2.7,2.3,2.4,2.9,41.2,38.8,27.8,33.4,22.5,43.1,47.3,42.9,12.1,442.5,0
10/04/2022 16:48:56,2.6,2.3,2.5,2.6,2.2,2.3,41.8,34.6,27.1,33.3,16.6,30.4,44.3,46.3,12.2,437.5,0
10/04/2022 16:48:57,2.9,2.7,2.6,2.4,2.6,2.7,40.2,32.9,25.2,32.4,23.7,23.6,44.9,43.4,13.3,443.3,0
10/04/2022 16:48:58,1.9,2.3,2.1,2.3,2.0,2.8,39.4,33.6,26.0,43.1,23.5,41.5,46.5,37.2,13.0,442.6,0
10/04/2022 16:48:59,1.1,2.0,2.7,2.9,2.7,2.6,41.1,35.5,25.7,40.2,23.7,38.0,38.7,44.7,12.3,442.8,0
10/04/2022 16:49:00,2.0,2.7,2.6,2.5,2.4,2.9,43.9,37.5,27.0,39.5,13.1,43.5,40.6,34.5,12.2,438.5,0
10/04/2022 16:49:01,2.9,2.8,2.6,2.9,2.1,2.6,40.1,34.5,23.4,32.6,23.5,43.6,39.1,43.2,12.6,439.0,0
10/04/2022 16:49:02,1.4,2.3,2.9,2.5,2.1,2.2,42.3,36.7,26.4,41.0,21.7,43.1,35.9,37.1,12.5,439.7,0
10/04/2022 16:49:03,1.5,2.3,2.8,2.6,2.0,2.5,37.4,36.9,24.8,42.9,16.5,22.1,44.5,47.2,12.1,439.8,0
10/04/2022 16:49:04,1.9,2.5,2.3,2.2,2.1,2.7,39.0,37.7,23.4,44.6,13.3,29.1,36.6,46.1,13.8,436.0,0
10/04/2022 16:49:05,2.9,2.2,2.8,2.9,2.8,2.9,44.1,34.6,23.9,40.9,17.5,31.1,35.3,40.4,12.1,440.1,0
10/04/2022 16:49:06,1.0,2.7,2.9,2.6,2.0,2.5,42.5,38.2,24.1,36.7,24.8,40.4,34.3,42.3,12.4,441.3,0
10/04/2022 16:49:07,1.0,2.6,2.1,2.0,2.0,2.7,43.2,37.2,25.3,45.3,19.3,44.0,37.8,40.7,12.3,442.9,0
10/04/2022 16:49:08,1.2,2.6,2.0,2.6,2.1,2.1,42.2,38.5,27.0,44.4,14.2,31.4,47.4,33.0,13.1,436.7,0
10/04/2022 16:49:09,1.3,2.6,2.4,2.6,2.6,2.4,42.3,34.3,25.7,43.8,23.4,32.4,40.7,44.1,13.9,437.0,0
10/04/2022 16:49:10,2.3,2.6,2.1,2.0,2.2,2.5,40.6,34.9,26.3,33.8,13.5,38.0,32.4,43.7,13.7,436.4,0
10/04/2022 16:49:11,1.0,2.7,2.9,2.1,2.9,2.2,42.8,33.9,27.9,34.3,24.8,35.1,36.8,41.7,13.1,437.6,0
10/04/2022 16:49:12,2.1,2.4,2.7,2.6,2.2,2.0,39.1,32.5,25.7,39.4,24.6,33.7,40.0,38.2,12.1,441.4,0
10/04/2022 16:49:13,1.3,2.6,2.1,2.4,2.7,2.2,40.8,38.5,27.6,45.7,21.0,24.4,34.4,33.7,13.9,444.7,0
10/04/2022 16:49:14,1.6,2.0,2.0,2.0,2.7,2.9,40.4,35.6,24.8,36.7,13.0,24.6,36.5,47.6,13.8,438.0,0
10/04/2022 16:49:15,1.3,2.7,2.6,2.6,2.3,2.0,44.7,34.8,27.9,35.8,16.9,43.0,45.6,45.0,13.6,444.7,0
10/04/2022 16:49:16,2.3,2.8,2.5,2.6,2.3,2.4,44.8,35.0,25.1,35.6,24.7,27.3,46.5,33.3,12.3,443.9,0
10/04/2022 16:49:17,2.4,2.1,2.4,2.8,2.2,2.9,42.5,36.0,24.7,38.2,23.1,24.1,37.2,37.7,13.9,436.1,0
10/04/2022 16:49:18,2.9,2.6,2.2,2.9,2.8,2.4,41.8,38.1,27.2,46.5,21.4,25.9,41.8,36.0,12.9,436.6,0
10/04/2022 16:49:19,2.1,2.0,2.6,2.2,2.8,2.1,38.5,35.6,23.2,35.2,22.9,32.3,44.7,45.7,13.1,440.6,0
10/04/2022 16:49:20,2.6,2.5,2.8,2.5,2.6,2.7,42.8,32.6,23.3,43.7,19.4,25.3,39.7,34.3,13.4,436.5,0
10/04/2022 16:49:21,1.7,2.2,2.4,2.2,2.7,2.1,44.6,32.7,23.5,38.4,24.2,29.1,43.5,32.3,13.5,443.8,0
10/04/2022 16:49:22,1.9,2.1,2.8,2.7,2.8,2.2,42.7,34.1,25.5,38.4,17.6,39.5,45.6,37.4,13.9,440.2,0
10/04/2022 16:49:23,2.7,2.6,2.9,2.3,2.8,2.4,40.2,35.5,24.6,34.7,17.9,26.9,45.7,36.5,13.3,436.9,0
10/04/2022 16:49:24,2.6,2.5,2.5,2.6,2.3,2.6,38.5,37.8,24.5,35.6,15.1,32.6,35.5,37.7,12.4,440.6,0
10/04/2022 16:49:25,1.5,2.4,2.5,2.2,2.4,2.9,42.7,35.5,24.2,44.3,24.3,27.6,35.4,41.2,12.1,440.9,0
10/04/2022 16:49:26,1.9,2.0,2.5,2.0,2.6,2.4,41.7,32.6,26.2,37.6,16.2,43.3,44.7,42.5,12.3,436.2,0
10/04/2022 16:49:27,2.5,2.3,2.7,2.6,2.5,2.4,44.7,34.5,27.0,35.8,22.5,28.9,37.6,32.2,13.3,443.1,0
10/04/2022 16:49:28,2.2,2.6,2.1,2.8,2.8,2.8,38.1,35.6,24.4,43.9,22.4,26.2,32.5,40.5,12.9,436.7,0
10/04/2022 16:49:29,2.1,2.3,2.8,2.7,2.2,2.2,37.4,33.1,24.9,43.7,19.7,29.8,33.0,35.4,13.7,444.9,0
10/04/2022 16:49:30,2.7,2.9,2.9,2.7,2.8,2.7,40.2,34.2,23.9,39.7,14.6,23.0,45.2,37.5,13.5,435.6,0
10/04/2022 16:49:31,2.5,2.2,2.8,2.6,2.6,2.4,39.8,37.0,26.6,37.7,22.9,24.2,38.1,47.5,12.9,443.3,0
10/04/2022 16:49:32,1.9,2.7,2.8,2.0,2.9,2.5,38.0,34.5,23.7,37.0,16.6,30.8,44.1,37.8,13.6,435.0,0
10/04/2022 16:49:33,1.4,2.4,2.9,2.6,2.0,2.4,44.5,36.9,26.1,41.1,14.6,32.1,40.9,43.9,13.1,439.0,0
10/04/2022 16:49:34,1.5,2.9,2.9,2.8,2.7,2.2,43.7,33.8,26.7,41.5,22.9,32.8,47.6,32.7,12.7,438.4,0
10/04/2022 16:49:35,1.9,2.2,2.2,2.2,2.7,2.2,38.0,35.5,23.2,43.3,16.6,37.4,46.7,35.4,13.8,441.5,0
10/04/2022 16:49:36,2.9,2.9,2.8,2.1,2.3,2.8,39.6,35.7,23.6,41.0,13.5,30.2,47.5,41.9,13.9,437.3,0
10/04/2022 16:49:37,1.7,2.7,2.7,2.9,2.1,2.7,40.3,36.6,23.1,44.8,20.1,34.2,47.6,33.0,12.2,444.9,0
10/04/2022 16:49:38,1.7,2.0,2.8,2.9,2.9,2.0,42.1,32.0,23.7,34.2,21.8,34.2,39.2,32.2,12.2,440.9,0
10/04/2022 16:49:39,2.1,2.9,2.8,2.2,2.5,2.2,40.9,33.1,23.1,44.7,20.7,28.2,34.9,44.0,12.8,436.7,0
10/04/2022 16:49:40,5.9,5.0,5.7,5.6,4.0,4.0,50.5,41.3,29.9,55.9,26.8,48.0,53.6,50.3,15.8,508.3,1
10/04/2022 16:49:41,2.6,2.5,2.1,2.3,2.5,2.8,42.9,37.7,26.2,47.8,16.7,39.6,46.4,41.5,13.2,439.6,0
10/04/2022 16:49:42,1.7,2.0,2.6,2.7,2.7,2.6,41.4,38.1,24.1,44.2,16.6,36.2,35.2,35.6,12.1,440.0,0
10/04/2022 16:49:43,1.8,2.9,2.7,2.2,2.4,2.7,38.6,35.7,27.8,36.3,13.6,24.6,47.0,35.9,13.5,439.9,0
10/04/2022 16:49:44,1.6,2.8,2.8,2.6,2.5,2.0,44.9,35.7,25.7,39.7,21.9,43.9,47.6,41.5,12.4,441.4,0
10/04/2022 16:49:45,1.5,2.9,2.3,2.9,2.5,2.3,40.7,35.4,24.6,37.7,24.7,38.1,38.6,33.1,12.9,435.1,0
10/04/2022 16:49:46,2.2,2.9,2.1,2.4,2.9,2.7,44.1,37.2,24.4,45.3,13.1,29.1,43.4,35.7,12.6,436.6,0
10/04/2022 16:49:47,2.2,2.7,2.3,2.7,2.6,2.7,37.0,35.6,26.2,32.3,15.8,32.6,47.3,34.3,12.9,438.9,0
10/04/2022 16:49:48,1.2,2.9,2.2,2.1,2.1,2.4,39.5,34.4,25.1,36.1,13.7,36.5,35.2,45.6,12.9,437.7,0
10/04/2022 16:49:49,2.9,2.6,2.2,2.4,2.1,2.8,44.5,36.2,26.7,38.3,19.7,31.6,33.1,45.1,13.4,439.2,0
10/04/2022 16:49:50,1.6,2.3,2.9,2.5,2.0,2.0,42.5,35.0,25.1,36.9,13.1,28.0,34.4,39.0,13.6,441.5,0
10/04/2022 16:49:51,2.5,2.9,2.3,2.3,2.7,2.3,40.4,33.1,26.9,43.4,23.3,33.6,43.9,42.9,13.5,435.1,0
10/04/2022 16:49:52,2.9,2.4,2.9,2.1,2.8,2.4,37.5,33.3,27.7,38.0,12.5,42.6,46.6,33.5,13.4,438.7,0
10/04/2022 16:49:53,2.9,2.2,2.6,2.4,2.4,2.6,41.6,32.6,24.1,45.7,13.3,40.9,43.2,45.4,12.8,442.8,0
10/04/2022 16:49:54,1.7,2.9,2.5,2.1,2.9,2.0,38.8,35.2,26.2,34.9,15.0,38.3,34.4,33.6,13.4,439.5,0
10/04/2022 16:49:55,2.6,2.0,2.3,2.6,2.9,2.2,39.4,38.5,25.8,40.2,21.7,37.6,47.8,39.9,13.2,435.0,0
10/04/2022 16:49:56,2.1,2.8,2.7,2.9,2.7,2.8,39.8,35.1,27.6,36.4,13.2,24.6,37.2,43.4,12.1,436.4,0
10/04/2022 16:49:57,1.2,2.9,2.4,2.7,2.5,2.1,41.4,33.2,26.7,36.6,20.4,26.9,39.7,35.2,13.1,437.8,0
10/04/2022 16:49:58,2.7,2.4,2.3,2.5,2.4,2.3,40.3,36.3,26.8,42.9,14.4,41.9,36.6,38.9,12.6,436.5,0
10/04/2022 16:49:59,1.1,2.7,2.5,2.4,2.4,2.8,39.8,36.0,25.2,47.8,23.0,25.3,45.5,38.7,13.1,440.3,0
10/04/2022 16:50:00,2.0,2.1,2.8,2.2,2.6,2.3,37.2,36.8,24.2,39.3,23.5,24.1,38.0,39.3,12.5,442.7,0
10/04/2022 16:50:01,1.2,2.3,2.3,2.4,2.7,2.1,39.3,35.5,25.1,39.1,19.8,32.4,37.7,32.9,12.5,437.8,0
10/04/2022 16:50:02,1.9,2.9,2.5,2.9,2.6,2.7,41.9,38.3,27.9,39.6,20.6,40.0,40.1,37.0,13.8,437.8,0
10/04/2022 16:50:03,2.0,2.2,2.0,2.9,2.1,2.0,39.2,35.1,26.5,37.6,21.9,27.6,47.8,34.0,13.7,436.3,0
10/04/2022 16:50:04,1.3,2.8,2.0,2.2,2.8,2.2,43.8,34.8,24.7,35.5,21.1,36.8,41.1,45.9,13.2,435.1,0
10/04/2022 16:50:05,1.5,2.3,2.4,2.3,2.7,2.8,42.5,36.6,25.9,32.7,17.5,22.6,32.1,47.4,12.0,443.7,0
10/04/2022 16:50:06,1.0,2.3,2.7,2.5,2.3,2.6,44.4,38.1,24.7,43.7,14.2,22.6,43.5,42.2,13.8,438.3,0
10/04/2022 16:50:07,1.0,2.9,2.4,2.7,2.1,2.4,39.7,38.7,26.3,43.3,12.3,37.7,45.8,39.7,13.1,442.6,0
10/04/2022 16:50:08,2.8,2.0,2.1,2.6,2.1,2.8,41.5,34.0,27.2,42.7,13.8,22.4,32.9,38.1,13.5,440.8,0
10/04/2022 16:50:09,2.1,2.7,2.2,2.7,2.1,2.7,37.2,35.8,25.6,40.1,19.9,42.9,33.7,47.0,12.7,436.4,0
10/04/2022 16:50:10,2.8,2.7,2.2,2.0,2.7,2.1,39.3,37.3,25.6,39.8,19.2,33.3,38.0,47.7,12.2,443.2,0
10/04/2022 16:50:11,1.9,2.8,2.5,2.8,2.8,2.5,44.3,38.9,26.2,39.2,12.0,44.2,32.1,41.8,13.7,437.0,0
10/04/2022 16:50:12,2.1,2.5,2.2,2.5,2.8,2.6,44.2,33.2,24.0,38.5,12.1,43.5,41.5,45.0,13.8,440.0,0
10/04/2022 16:50:13,2.0,2.4,2.7,2.5,2.0,2.6,41.7,37.3,27.4,38.1,18.3,26.1,37.2,35.2,13.8,444.1,0
10/04/2022 16:50:14,1.1,2.1,2.2,2.6,2.1,2.1,40.8,33.1,26.8,35.3,12.7,43.5,36.9,47.4,13.6,444.4,0
10/04/2022 16:50:15,1.4,2.4,2.6,2.5,2.7,2.6,43.9,34.6,23.9,47.3,21.9,30.4,42.0,35.3,12.2,438.6,0
10/04/2022 16:50:16,1.3,2.4,2.1,2.4,2.5,2.7,38.2,32.6,23.6,38.7,22.0,34.3,38.7,33.3,12.9,444.5,0
10/04/2022 16:50:17,1.0,2.7,2.6,2.0,2.4,2.3,44.9,33.3,24.4,34.3,17.5,38.5,37.4,35.3,12.5,437.6,0
10/04/2022 16:50:18,2.3,2.8,2.3,2.3,2.3,2.9,44.2,34.5,24.6,40.2,14.2,30.2,45.2,45.7,13.5,444.6,0
10/04/2022 16:50:19,2.6,2.5,2.6,2.9,2.1,2.5,39.8,37.9,24.9,32.5,22.2,42.0,39.1,35.3,13.6,437.1,0
10/04/2022 16:50:20,1.5,2.5,2.0,2.8,2.0,2.6,42.6,35.7,23.6,45.7,24.6,36.7,37.3,47.5,12.7,439.3,0
10/04/2022 16:50:21,2.2,2.7,2.6,2.4,2.2,2.5,41.1,38.2,27.2,36.8,18.6,44.7,34.8,33.8,12.8,444.9,0
10/04/2022 16:50:22,2.9,2.7,2.4,2.6,2.7,2.1,41.8,32.2,25.8,36.6,24.7,38.5,33.5,43.4,13.4,435.5,0
10/04/2022 16:50:23,1.9,2.3,2.7,2.3,2.7,2.0,38.2,37.0,24.0,37.8,24.8,23.5,34.8,32.7,12.2,443.1,0
10/04/2022 16:50:24,1.8,2.3,2.4,2.2,2.5,2.1,41.8,36.1,25.6,42.5,17.5,31.2,32.1,46.2,13.6,440.4,0
10/04/2022 16:50:25,1.2,2.0,2.8,2.4,2.3,2.3,41.3,35.3,26.8,32.3,17.5,31.5,40.6,39.5,12.6,437.1,0
10/04/2022 16:50:26,1.1,2.0,2.3,2.7,2.0,2.0,43.8,35.3,24.0,37.7,21.8,43.2,34.9,35.7,13.7,440.2,0
10/04/2022 16:50:27,1.2,2.4,2.0,2.9,2.9,2.5,38.0,36.1,27.3,34.8,13.0,34.0,46.3,39.1,12.1,440.7,0
10/04/2022 16:50:28,1.3,2.4,2.6,2.0,2.5,2.5,43.5,32.9,23.2,35.4,22.7,29.6,35.5,36.3,12.5,444.9,0
10/04/2022 16:50:29,2.7,2.1,2.9,2.9,2.3,2.7,39.3,33.1,23.3,42.1,14.2,40.2,43.4,42.6,12.3,442.5,0
10/04/2022 16:50:30,2.6,2.6,2.1,2.6,2.7,2.5,42.1,35.6,26.8,40.0,23.7,32.2,45.3,32.7,13.9,437.7,0
10/04/2022 16:50:31,2.0,2.7,2.7,2.1,2.8,2.8,42.7,36.8,25.2,42.0,16.1,43.1,39.4,44.7,12.6,439.5,0
10/04/2022 16:50:32,2.2,2.2,2.8,2.7,2.5,2.0,39.8,33.8,27.4,39.4,22.1,31.8,32.0,40.8,12.8,440.8,0
10/04/2022 16:50:33,2.2,2.5,2.9,2.4,2.1,2.6,41.2,38.7,26.7,36.0,14.7,23.9,42.3,37.2,13.9,443.9,0
10/04/2022 16:50:34,1.9,2.6,2.6,2.4,2.0,2.5,41.8,34.2,25.6,43.6,12.5,41.0,33.6,47.9,13.0,438.2,0
10/04/2022 16:50:35,2.6,2.3,2.4,2.1,2.2,2.5,38.5,35.4,27.5,39.9,23.0,34.6,35.1,37.0,13.1,444.0,0
10/04/2022 16:50:36,1.7,2.7,2.6,2.8,2.8,2.3,40.4,38.4,24.1,39.6,12.6,26.5,45.9,46.5,13.5,442.4,0
10/04/2022 16:50:37,2.6,2.2,2.3,2.6,2.6,2.9,37.7,37.0,27.6,33.5,13.8,39.1,43.7,33.8,13.1,438.7,0
10/04/2022 16:50:38,2.0,2.4,2.2,2.0,2.1,2.8,37.6,37.8,23.4,46.9,23.5,43.7,38.2,43.1,12.6,444.6,0
10/04/2022 16:50:39,1.1,2.4,2.3,2.7,2.0,2.8,43.2,33.3,26.8,44.2,22.3,36.6,34.5,33.8,12.3,444.6,0
10/04/2022 16:50:40,1.2,2.4,2.1,2.7,2.6,2.6,41.4,34.7,24.8,39.1,14.1,41.3,44.3,33.8,12.3,444.8,0
10/04/2022 16:50:41,2.0,2.9,2.5,2.7,2.5,2.8,44.3,36.0,27.8,39.3,19.4,24.6,45.6,33.7,13.0,439.8,0
10/04/2022 16:50:42,2.7,2.4,2.1,2.1,2.0,2.3,37.8,35.2,24.8,38.9,20.4,31.3,32.7,33.3,12.8,442.6,0
10/04/2022 16:50:43,1.5,2.0,2.5,2.4,2.0,2.5,42.7,37.3,25.3,42.1,23.2,43.1,47.3,45.4,13.4,436.3,0
10/04/2022 16:50:44,2.2,2.4,2.7,2.0,2.5,2.9,41.7,38.8,24.2,33.6,19.1,42.3,43.5,44.7,13.4,438.4,0
10/04/2022 16:50:45,2.5,2.3,2.5,2.0,2.3,2.1,40.3,36.8,23.3,33.2,19.5,44.0,44.4,46.8,12.2,437.0,0
10/04/2022 16:50:46,1.3,2.1,2.0,2.8,2.4,2.3,37.7,35.5,27.0,37.3,18.3,44.0,32.2,32.0,12.5,440.6,0
10/04/2022 16:50:47,2.6,2.3,2.1,2.2,2.2,2.0,37.0,37.9,23.0,38.0,19.0,23.2,38.9,38.1,13.4,435.1,0
10/04/2022 16:50:48,2.5,2.0,2.2,2.4,2.2,2.9,37.9,34.4,25.2,46.5,18.9,38.3,43.3,36.4,12.5,438.3,0
10/04/2022 16:50:49,2.7,2.8,2.0,2.0,2.8,2.5,38.0,34.5,27.4,38.0,17.6,34.0,42.9,41.7,12.3,438.7,0
10/04/2022 16:50:50,2.3,2.1,2.1,2.7,2.4,2.5,37.3,36.5,27.0,34.1,15.8,38.1,44.7,36.1,13.4,436.4,0
10/04/2022 16:50:51,1.7,2.5,2.8,2.6,2.6,2.6,38.3,33.7,26.5,41.3,16.7,24.1,45.3,37.5,12.6,435.3,0
10/04/2022 16:50:52,1.8,2.2,2.9,2.8,2.1,2.8,37.7,35.4,24.4,33.9,12.7,26.0,39.0,37.2,13.6,441.0,0
10/04/2022 16:50:53,2.9,2.0,2.5,2.9,2.7,2.8,39.3,32.4,24.2,33.8,12.9,43.3,42.2,40.4,12.1,438.0,0
10/04/2022 16:50:54,1.8,2.2,2.6,2.2,2.4,2.3,37.6,34.7,24.4,47.2,19.5,44.6,41.4,38.3,12.8,439.1,0
10/04/2022 16:50:55,2.1,2.1,2.8,2.3,2.9,2.4,43.5,35.6,25.8,33.5,21.0,41.1,41.3,35.4,12.9,443.5,0
10/04/2022 16:50:56,2.4,2.8,2.3,2.6,2.8,2.8,38.2,34.8,27.5,47.3,18.3,30.4,45.7,40.4,12.1,438.3,0
10/04/2022 16:50:57,2.2,2.7,2.4,2.8,2.1,2.0,42.8,33.4,23.2,43.4,18.6,33.1,41.9,34.4,13.5,436.2,0
10/04/2022 16:50:58,2.4,2.7,2.4,2.8,2.7,2.8,38.1,36.6,24.1,32.3,16.7,25.6,47.8,43.2,13.8,440.6,0
10/04/2022 16:50:59,2.5,2.9,2.5,2.5,2.4,2.2,41.3,36.1,25.6,36.5,20.6,35.9,45.8,42.1,13.2,438.7,0
10/04/2022 16:51:00,2.2,2.1,2.3,2.6,2.4,2.7,37.7,37.8,27.9,40.9,14.1,24.6,40.8,35.9,12.9,444.8,0
10/04/2022 16:51:01,1.3,2.7,2.8,2.0,2.0,2.5,44.5,36.0,23.7,35.1,24.7,34.9,33.6,46.0,12.3,444.6,0
10/04/2022 16:51:02,1.3,2.7,2.8,2.3,2.8,2.9,38.5,38.1,27.9,33.4,19.2,37.8,34.0,42.7,13.2,436.6,0
10/04/2022 16:51:03,1.0,2.4,2.1,2.1,2.2,2.3,41.5,37.4,23.5,33.5,20.8,44.6,38.1,43.1,13.2,442.2,0
10/04/2022 16:51:04,2.3,2.0,2.7,2.0,2.2,2.1,43.9,34.7,25.5,40.6,21.2,25.2,44.9,37.5,13.1,435.7,0
10/04/2022 16:51:05,1.7,2.7,2.4,2.8,2.0,2.1,40.9,37.4,24.4,32.2,16.2,33.0,34.9,36.9,12.8,439.9,0
10/04/2022 16:51:06,1.8,2.3,2.3,2.9,2.7,2.3,38.5,34.1,27.8,45.0,12.2,33.7,37.0,36.5,13.8,436.7,0
10/04/2022 16:51:07,1.3,2.9,2.0,2.4,2.2,2.2,40.8,34.2,23.5,43.9,17.5,32.9,37.4,34.1,12.7,439.1,0
10/04/2022 16:51:08,1.9,2.3,2.3,2.5,2.0,2.1,44.9,34.5,23.6,38.1,18.1,26.5,47.3,36.7,13.0,435.9,0
10/04/2022 16:51:09,2.0,2.8,2.2,2.5,2.4,2.9,40.8,38.6,23.7,47.1,18.8,37.0,39.2,34.2,13.8,442.8,0
10/04/2022 16:51:10,2.2,2.7,2.3,2.4,2.0,2.2,38.7,38.9,24.6,33.9,19.7,22.8,36.8,45.7,13.9,436.4,0
10/04/2022 16:51:11,1.2,2.0,2.5,2.3,2.6,2.5,41.7,32.3,27.3,38.3,18.0,31.7,37.8,44.3,13.7,444.1,0
10/04/2022 16:51:12,1.9,2.6,2.7,2.9,2.5,2.3,37.8,38.8,25.4,36.9,22.4,41.8,33.2,46.8,13.6,442.4,0
10/04/2022 16:51:13,1.7,2.4,2.5,2.4,2.3,2.6,44.0,34.6,23.5,32.4,23.3,24.4,42.2,35.9,13.1,437.9,0
10/04/2022 16:51:14,1.5,2.8,2.1,2.2,2.6,2.0,44.6,37.2,23.1,41.9,18.7,28.0,37.2,32.8,13.0,436.5,0
10/04/2022 16:51:15,1.1,2.3,2.4,2.4,2.4,2.1,44.5,37.1,24.3,47.1,19.0,44.6,43.4,34.7,12.2,442.9,0
10/04/2022 16:51:16,1.2,2.9,2.3,2.7,2.1,2.2,41.6,33.2,25.7,33.1,19.1,27.5,37.0,34.0,12.4,442.6,0
10/04/2022 16:51:17,1.2,2.0,2.4,2.5,2.6,2.6,39.1,32.1,26.7,42.9,18.0,37.8,40.3,38.3,12.3,444.2,0
10/04/2022 16:51:18,2.4,2.2,2.5,2.5,2.8,2.1,44.2,33.9,23.0,47.0,15.2,25.2,41.3,45.2,13.2,444.0,0
10/04/2022 16:51:19,2.3,2.3,2.6,2.2,2.6,2.0,42.9,32.6,25.5,45.6,16.8,43.1,32.7,39.7,13.1,437.7,0
10/04/2022 16:51:20,2.4,2.2,2.0,2.2,2.2,2.6,41.7,38.2,27.9,39.9,23.3,24.4,39.7,34.1,13.3,438.0,0
10/04/2022 16:51:21,1.4,2.9,2.7,2.6,2.6,2.2,43.8,33.6,27.9,41.0,14.1,40.5,33.2,39.1,12.9,443.6,0
10/04/2022 16:51:22,2.2,2.4,2.8,2.1,2.7,2.4,40.7,35.1,23.2,37.1,18.4,26.1,39.8,35.9,13.6,438.9,0
10/04/2022 16:51:23,1.8,2.1,2.9,2.8,2.4,2.5,39.1,32.3,23.1,35.4,19.2,31.2,47.0,40.9,12.5,444.0,0
10/04/2022 16:51:24,1.0,2.5,2.0,2.1,2.5,2.2,39.1,38.6,23.7,47.0,20.4,33.5,32.0,34.0,13.4,438.9,0
10/04/2022 16:51:25,1.3,2.7,2.0,2.4,2.2,2.1,40.9,35.9,26.5,40.3,13.0,30.4,35.4,42.8,12.6,437.0,0
10/04/2022 16:51:26,2.7,2.0,2.1,2.6,2.6,2.5,39.6,35.5,27.8,45.2,16.1,33.0,35.3,32.6,12.5,439.0,0
10/04/2022 16:51:27,1.7,2.1,2.2,2.8,2.6,2.6,39.1,36.9,25.5,43.9,12.2,37.9,33.0,32.0,13.9,444.7,0
10/04/2022 16:51:28,2.9,2.6,2.6,2.1,2.4,2.8,38.8,33.3,26.6,44.1,20.6,32.4,44.8,33.1,13.8,435.7,0
10/04/2022 16:51:29,1.9,2.4,2.5,2.7,2.0,2.9,42.7,38.9,27.0,45.8,13.9,23.5,39.5,38.5,13.9,437.7,0
10/04/2022 16:51:30,1.6,2.6,2.5,2.4,2.2,2.0,37.2,32.5,26.3,45.8,13.9,33.3,40.8,32.3,12.6,440.3,0
10/04/2022 16:51:31,1.6,2.9,2.1,2.3,2.9,2.2,42.9,32.1,24.1,43.7,22.0,22.5,33.7,32.0,13.8,436.2,0
10/04/2022 16:51:32,1.8,2.6,2.7,2.8,2.9,2.6,40.2,35.8,23.6,32.3,14.9,25.2,46.2,42.6,12.0,442.6,0
10/04/2022 16:51:33,1.5,2.1,2.9,2.8,2.9,2.7,37.2,35.7,26.2,34.9,14.5,34.2,37.3,41.3,13.4,438.7,0
10/04/2022 16:51:34,1.9,2.1,2.5,2.3,2.3,2.7,44.9,32.3,24.2,41.1,19.5,36.5,38.1,45.8,13.9,443.8,0
10/04/2022 16:51:35,2.5,2.1,2.5,2.4,2.6,2.9,44.9,34.6,23.2,41.7,17.5,26.4,38.3,33.4,12.9,437.3,0
10/04/2022 16:51:36,2.9,2.2,2.7,2.2,2.5,2.3,43.2,34.4,25.5,33.0,15.8,22.5,39.0,39.3,13.7,437.4,0
10/04/2022 16:51:37,2.9,2.7,2.9,2.3,2.2,2.6,42.7,33.2,27.0,41.0,19.6,30.0,33.5,44.9,13.8,438.0,0
10/04/2022 16:51:38,2.5,2.9,2.2,2.3,2.2,2.1,37.6,38.0,23.2,42.0,12.7,44.7,44.1,47.5,12.3,437.9,0
10/04/2022 16:51:39,1.5,2.6,2.6,2.9,2.8,2.7,41.4,34.8,27.6,46.2,19.0,32.9,37.6,46.8,13.0,438.0,0
10/04/2022 16:51:40,2.9,2.5,2.4,2.3,2.3,2.0,42.2,36.8,24.6,41.1,24.7,29.9,41.8,33.0,12.8,435.3,0
10/04/2022 16:51:41,2.8,2.0,2.2,2.8,2.4,2.4,38.8,32.8,23.9,34.0,17.9,44.0,40.2,40.4,12.2,441.8,0
10/04/2022 16:51:42,1.6,2.4,2.3,2.6,2.5,2.4,42.6,34.5,27.9,43.3,16.8,24.2,41.3,45.0,12.8,435.1,0
10/04/2022 16:51:43,1.1,2.7,2.7,2.7,2.0,2.3,44.9,35.1,26.2,47.9,24.0,25.0,36.2,38.7,13.9,435.3,0
10/04/2022 16:51:44,1.8,2.6,2.8,2.0,2.4,2.2,43.7,32.7,24.8,34.1,18.4,23.0,38.9,42.6,12.6,444.4,0
10/04/2022 16:51:45,2.6,2.7,2.4,2.3,2.5,2.4,39.9,38.9,24.7,32.1,15.3,44.7,39.1,47.2,12.2,440.2,0
10/04/2022 16:51:46,2.6,2.3,2.9,2.3,2.8,2.5,37.6,38.7,27.0,32.4,22.7,34.7,47.1,33.5,12.8,436.4,0
10/04/2022 16:51:47,1.2,2.5,2.9,2.5,2.9,2.5,37.3,38.3,26.9,41.7,15.4,26.2,33.5,46.7,12.2,438.7,0
10/04/2022 16:51:48,1.8,2.9,2.9,2.7,2.1,2.8,40.0,34.4,23.9,42.2,22.9,38.0,39.5,46.1,13.8,441.7,0
10/04/2022 16:51:49,2.0,2.6,2.1,2.0,2.4,2.9,44.5,36.5,27.4,32.9,21.7,40.0,39.3,37.2,12.7,440.3,0
10/04/2022 16:51:50,2.7,2.8,2.1,2.2,2.2,2.7,38.6,33.3,24.8,40.8,17.7,27.9,37.3,45.1,13.7,444.6,0
10/04/2022 16:51:51,2.0,2.0,2.0,2.1,2.8,2.2,44.2,38.0,25.1,47.5,16.2,40.4,38.8,40.7,13.0,440.9,0
10/04/2022 16:51:52,1.1,2.0,2.1,2.8,2.4,2.5,40.7,36.7,24.3,34.0,16.3,26.4,41.0,35.2,12.4,439.5,0
10/04/2022 16:51:53,1.8,2.6,2.1,2.4,2.3,2.0,38.4,36.0,24.4,46.9,13.3,24.1,42.5,42.0,12.7,444.3,0
10/04/2022 16:51:54,1.8,2.0,2.8,2.9,2.8,2.4,40.2,33.6,23.3,38.8,23.5,23.3,47.2,41.0,12.3,435.0,0
10/04/2022 16:51:55,1.8,2.0,2.3,2.2,2.2,2.2,38.7,36.5,23.7,42.5,23.8,33.6,43.9,33.3,13.4,440.3,0
10/04/2022 16:51:56,2.2,2.8,2.5,2.1,2.3,2.7,43.9,33.5,25.2,39.6,20.0,28.8,37.0,46.0,13.8,436.8,0
10/04/2022 16:51:57,2.3,2.5,2.7,2.4,2.6,2.9,37.6,38.9,26.0,33.5,21.7,25.7,39.4,43.3,13.4,439.2,0
10/04/2022 16:51:58,2.6,2.7,2.8,2.0,2.2,2.8,38.3,35.3,24.6,44.7,14.9,29.4,46.4,37.8,13.9,443.8,0
10/04/2022 16:51:59,2.0,2.8,2.7,2.6,2.1,2.0,44.9,38.7,25.9,35.6,22.5,33.4,33.6,45.4,12.3,438.5,0
10/04/2022 16:52:00,1.3,2.7,2.4,2.0,2.0,2.6,37.5,37.3,27.8,44.2,23.9,29.5,35.2,43.5,12.0,440.2,0
10/04/2022 16:52:01,2.1,2.3,2.1,2.1,2.0,2.6,39.4,35.7,24.7,43.3,22.0,27.7,44.1,34.6,12.8,439.6,0
10/04/2022 16:52:02,2.5,2.6,2.1,2.9,2.8,2.7,43.9,34.7,27.3,36.7,21.6,33.1,45.8,39.5,13.7,437.1,0
10/04/2022 16:52:03,2.9,2.1,2.4,2.4,2.2,2.0,43.7,32.6,27.2,32.6,18.5,31.6,44.1,44.2,12.8,442.8,0
10/04/2022 16:52:04,1.5,2.7,2.3,2.7,2.4,2.0,41.0,35.1,26.5,36.9,24.0,35.5,34.5,39.6,13.2,435.1,0
10/04/2022 16:52:05,2.9,2.5,2.8,2.4,2.7,2.0,40.6,37.2,23.6,34.7,23.3,23.6,45.4,41.6,12.1,442.0,0
10/04/2022 16:52:06,2.6,2.0,2.5,2.9,2.8,2.2,44.4,38.4,25.9,47.5,13.7,35.3,44.2,34.6,13.0,435.4,0
10/04/2022 16:52:07,1.5,2.2,2.5,2.9,2.5,2.9,40.7,36.4,23.9,40.7,23.4,42.8,41.0,37.0,13.3,435.7,0
10/04/2022 16:52:08,2.4,2.0,2.2,2.1,2.0,2.7,39.4,37.0,24.2,44.3,21.8,25.3,47.0,35.6,12.0,440.6,0
10/04/2022 16:52:09,2.3,2.9,2.0,2.6,2.5,2.1,41.3,34.1,24.4,45.4,19.9,25.2,42.7,32.2,12.6,438.4,0
10/04/2022 16:52:10,1.9,2.0,2.0,2.1,2.5,2.5,40.4,35.5,26.1,46.3,16.8,23.5,33.5,43.6,12.6,435.3,0
10/04/2022 16:52:11,2.4,2.9,2.7,2.9,2.8,2.1,42.7,35.2,23.7,42.2,16.3,40.9,37.0,44.1,12.6,443.2,0
10/04/2022 16:52:12,1.6,2.0,2.5,2.0,2.5,2.0,39.1,33.9,24.3,44.6,19.1,40.2,32.4,47.5,12.6,438.2,0
10/04/2022 16:52:13,1.3,2.4,2.6,2.9,2.1,2.7,42.0,34.8,23.6,47.3,19.1,34.0,37.0,37.6,13.0,444.8,0
10/04/2022 16:52:14,1.0,2.4,2.1,2.9,2.1,2.2,42.5,34.2,25.6,38.5,18.3,38.8,32.4,34.4,13.3,442.4,0
10/04/2022 16:52:15,2.3,2.4,2.4,2.7,2.0,2.3,42.4,36.1,25.7,39.9,15.8,44.8,38.1,36.9,13.9,443.4,0
10/04/2022 16:52:16,1.1,2.0,2.7,2.8,2.1,2.6,39.3,35.6,27.8,34.1,15.0,25.0,37.6,44.2,12.0,440.7,0
10/04/2022 16:52:17,1.9,2.0,2.7,2.9,2.8,2.6,37.0,36.6,23.5,44.2,18.8,24.9,41.6,46.2,12.8,440.0,0
10/04/2022 16:52:18,2.4,2.4,2.7,2.4,2.5,2.6,43.5,32.7,25.7,37.0,24.8,44.4,36.1,39.6,12.0,443.9,0
10/04/2022 16:52:19,1.9,2.4,2.9,2.3,2.8,2.2,38.5,38.0,27.0,34.8,24.8,33.1,45.9,45.1,12.0,441.5,0
10/04/2022 16:52:20,1.3,2.8,2.5,2.9,2.2,2.5,43.6,34.5,23.6,33.7,22.7,34.5,41.6,38.8,12.4,440.3,0
10/04/2022 16:52:21,1.8,2.3,2.1,2.5,2.8,2.5,41.3,33.5,23.6,44.4,20.6,23.5,40.0,37.5,12.1,435.7,0
10/04/2022 16:52:22,2.3,2.4,2.1,2.5,2.2,2.5,44.3,33.1,27.2,40.3,18.2,23.3,37.4,39.4,13.6,441.5,0
10/04/2022 16:52:23,2.5,2.3,2.9,2.3,2.2,2.8,38.0,34.1,25.7,33.5,23.0,31.9,35.4,45.0,12.2,440.2,0
10/04/2022 16:52:24,1.7,2.9,2.5,2.2,2.5,2.6,42.0,37.1,27.5,45.0,13.5,32.0,43.1,34.3,13.0,438.1,0
10/04/2022 16:52:25,2.1,2.1,2.9,2.1,2.2,2.6,41.8,33.0,23.4,44.6,23.7,41.1,35.2,36.9,13.7,444.7,0
10/04/2022 16:52:26,1.4,2.8,2.2,2.3,2.1,2.3,41.6,37.7,24.4,34.3,14.4,32.7,42.9,34.8,13.9,437.0,0
10/04/2022 16:52:27,2.3,2.3,2.4,2.9,2.2,2.7,44.6,33.1,23.0,35.8,17.6,30.7,42.2,33.3,12.3,435.5,0
10/04/2022 16:52:28,1.5,2.4,2.0,2.3,2.7,2.0,43.5,38.1,26.9,44.2,24.3,34.6,35.8,39.0,13.8,438.4,0
10/04/2022 16:52:29,1.5,2.4,2.3,2.0,2.6,2.3,44.0,33.1,26.8,39.3,13.2,29.8,42.3,36.6,13.5,441.2,0
10/04/2022 16:52:30,2.5,2.2,2.4,2.3,2.6,2.4,43.3,37.9,25.9,32.5,14.7,32.4,46.7,33.8,12.1,443.8,0
10/04/2022 16:52:31,2.9,2.2,2.9,2.0,2.9,2.8,37.0,32.5,27.5,45.6,13.9,37.0,45.4,45.0,12.4,441.8,0
10/04/2022 16:52:32,1.8,2.5,2.7,2.5,2.9,2.3,41.7,32.2,26.1,44.9,12.6,41.0,41.9,32.3,12.3,441.4,0
10/04/2022 16:52:33,1.0,2.1,2.7,2.5,2.2,2.6,40.9,36.5,24.1,44.0,19.1,41.2,37.1,45.0,13.7,443.3,0
10/04/2022 16:52:34,1.7,2.4,2.3,2.4,2.1,2.6,43.4,33.2,26.1,42.7,12.9,40.9,35.8,44.8,12.6,437.5,0
10/04/2022 16:52:35,2.2,2.0,2.1,2.0,2.7,2.0,40.2,33.3,23.5,45.6,19.1,33.4,44.7,39.4,12.8,436.6,0
10/04/2022 16:52:36,1.1,2.2,2.8,2.8,2.8,2.2,37.4,33.8,27.9,37.8,18.5,23.1,38.0,34.3,13.3,436.3,0
10/04/2022 16:52:37,4.6,4.2,4.0,5.8,3.5,5.5,45.5,42.2,28.4,49.7,26.7,50.8,52.0,50.2,14.6,544.1,1
10/04/2022 16:52:38,1.9,2.0,2.0,2.8,2.2,2.8,40.9,38.7,23.4,38.7,20.4,37.5,42.1,42.7,12.0,437.9,0
10/04/2022 16:52:39,1.7,2.6,2.4,2.5,2.6,2.7,37.2,36.4,27.8,32.6,23.1,37.4,39.9,45.0,13.0,435.2,0
10/04/2022 16:52:40,1.8,2.7,2.7,2.2,2.3,2.4,39.1,35.7,23.6,36.8,18.3,36.0,45.8,47.2,13.7,444.7,0
10/04/2022 16:52:41,1.0,2.7,2.9,2.8,2.9,2.5,38.8,34.9,27.2,47.7,20.9,29.8,39.5,38.2,12.9,442.9,0
10/04/2022 16:52:42,2.8,2.0,2.4,2.2,2.6,2.0,41.3,35.5,27.6,38.4,23.4,25.9,40.9,43.7,13.6,435.0,0
10/04/2022 16:52:43,2.8,2.5,2.3,2.6,2.7,2.7,38.2,37.1,27.7,46.0,13.6,31.0,39.0,37.9,12.5,443.1,0
10/04/2022 16:52:44,2.2,2.7,2.6,2.2,2.8,2.4,40.8,38.0,27.5,38.2,18.1,25.7,38.0,35.7,13.3,438.8,0
10/04/2022 16:52:45,2.2,2.5,2.5,2.3,2.9,2.3,42.8,35.3,24.2,40.2,21.4,25.3,37.0,47.2,13.5,437.7,0
10/04/2022 16:52:46,1.4,2.1,2.3,2.9,2.3,2.9,37.1,37.0,23.5,35.2,17.7,42.0,44.2,38.4,12.7,436.7,0
10/04/2022 16:52:47,2.6,2.6,2.2,2.0,2.2,2.9,42.6,32.6,27.6,40.8,20.5,25.8,44.3,36.3,13.0,441.6,0
10/04/2022 16:52:48,1.8,2.1,2.2,2.6,2.5,2.1,42.5,35.1,26.6,33.1,23.6,27.3,37.5,37.1,12.2,444.5,0
10/04/2022 16:52:49,1.0,2.7,2.6,2.5,2.1,2.9,39.0,37.7,26.8,43.3,21.9,41.7,40.4,45.6,12.1,439.9,0
10/04/2022 16:52:50,2.4,2.3,2.9,2.5,2.4,2.6,43.7,35.5,25.2,39.5,13.6,44.1,35.6,44.6,12.9,442.8,0
10/04/2022 16:52:51,1.8,2.3,2.6,2.2,2.1,2.3,39.8,32.1,27.8,47.3,19.4,27.0,39.9,38.5,13.1,443.8,0
10/04/2022 16:52:52,1.9,2.4,2.8,2.2,2.1,2.0,42.6,37.1,27.9,47.0,19.9,34.8,36.6,38.6,12.0,440.5,0
10/04/2022 16:52:53,2.5,2.6,2.1,2.8,2.7,2.3,37.9,35.5,27.1,38.6,17.1,35.8,38.8,40.2,13.9,438.2,0
10/04/2022 16:52:54,2.4,2.9,2.5,2.1,2.7,2.3,39.2,37.6,24.8,47.3,18.4,44.8,36.2,42.9,13.3,442.0,0
10/04/2022 16:52:55,1.1,2.5,2.8,2.4,2.6,2.0,41.9,34.9,24.7,43.5,17.7,41.4,45.2,40.2,12.0,439.6,0
10/04/2022 16:52:56,1.2,2.9,2.7,2.9,2.9,2.7,38.9,37.8,27.9,42.3,18.3,28.2,41.7,41.5,12.2,442.3,0
10/04/2022 16:52:57,1.0,2.7,2.8,2.2,2.4,2.6,39.6,32.3,26.1,42.4,19.4,24.3,45.6,34.0,13.9,437.1,0
10/04/2022 16:52:58,1.2,2.8,2.3,2.4,2.6,2.3,42.5,33.9,23.2,37.3,17.9,41.7,33.7,43.6,12.9,438.8,0
10/04/2022 16:52:59,1.3,2.4,2.3,2.1,2.3,2.1,39.4,33.5,24.4,41.0,23.9,23.9,32.9,34.6,13.1,440.3,0
10/04/2022 16:53:00,1.3,2.8,2.8,2.0,2.5,2.7,37.5,33.7,25.0,34.3,18.4,42.4,41.0,39.0,12.8,438.4,0
10/04/2022 16:53:01,2.2,2.5,2.1,2.6,2.3,2.3,43.3,35.6,23.8,43.7,16.4,29.3,33.8,32.1,13.6,441.6,0
10/04/2022 16:53:02,1.6,2.5,2.4,2.3,2.7,2.3,41.8,36.7,25.3,33.1,21.5,24.8,42.3,37.2,12.7,441.4,0
10/04/2022 16:53:03,1.6,2.9,2.6,2.3,2.7,2.7,40.3,36.1,23.8,47.5,18.8,27.9,46.7,32.5,13.9,441.4,0
10/04/2022 16:53:04,2.7,2.2,2.8,2.8,2.5,2.6,41.3,32.5,27.9,41.8,14.1,35.9,33.5,40.4,13.7,435.9,0
10/04/2022 16:53:05,1.3,2.5,2.2,2.1,2.6,2.8,40.4,38.4,25.4,34.8,13.1,29.5,43.2,37.9,12.0,439.5,0
10/04/2022 16:53:06,2.8,2.8,2.4,2.1,2.9,2.4,40.5,35.4,23.3,40.6,22.9,34.5,40.6,38.5,13.2,436.3,0
10/04/2022 16:53:07,1.1,2.9,2.8,2.4,2.5,2.5,41.7,36.2,26.0,42.1,15.3,28.5,37.6,37.6,12.1,439.9,0
10/04/2022 16:53:08,2.4,2.3,2.9,2.9,2.1,2.3,41.2,36.6,26.9,46.9,20.5,42.5,34.5,35.3,12.3,443.1,0
10/04/2022 16:53:09,1.2,2.5,2.9,2.7,2.8,2.2,43.7,32.8,27.2,42.8,20.9,35.0,44.5,35.4,12.6,439.8,0
10/04/2022 16:53:10,2.2,2.5,2.8,2.4,2.5,2.7,40.5,38.1,24.6,40.7,15.0,29.7,42.6,46.7,13.5,439.5,0
10/04/2022 16:53:11,1.2,2.0,2.9,2.0,2.1,2.8,38.8,32.7,27.7,47.7,20.3,35.7,38.8,43.6,13.2,442.4,0
10/04/2022 16:53:12,1.5,2.9,2.2,2.3,2.6,2.6,38.0,34.8,23.5,45.7,12.9,40.3,32.0,47.4,13.9,444.8,0
10/04/2022 16:53:13,2.3,2.5,2.1,2.8,2.5,2.3,43.1,36.5,24.3,32.2,18.9,37.2,38.1,43.5,12.8,437.4,0
10/04/2022 16:53:14,2.1,2.0,2.4,2.1,2.2,2.8,37.5,37.6,26.9,33.4,24.5,33.3,32.3,33.5,13.6,438.3,0
10/04/2022 16:53:15,2.4,2.0,2.5,2.2,2.5,2.8,41.3,33.0,24.2,44.6,24.0,34.5,34.6,36.1,13.8,442.8,0
10/04/2022 16:53:16,2.6,2.5,2.9,2.0,2.4,2.3,37.3,38.2,27.8,47.1,19.0,38.6,35.3,39.6,12.5,438.8,0
10/04/2022 16:53:17,1.2,2.2,2.6,2.1,2.4,2.7,42.0,36.3,24.3,33.5,20.4,32.7,43.7,47.5,13.3,438.6,0
10/04/2022 16:53:18,2.6,2.3,2.9,2.9,2.2,2.8,38.8,32.9,27.4,34.2,20.3,40.9,41.1,41.9,12.9,437.7,0
10/04/2022 16:53:19,2.6,2.0,2.6,2.0,2.4,2.0,41.3,32.1,23.7,35.2,14.0,41.4,44.0,38.2,12.3,440.0,0
10/04/2022 16:53:20,1.4,2.8,2.5,2.6,2.1,2.2,43.1,32.2,27.7,45.1,12.7,34.9,47.0,33.1,13.5,435.0,0
10/04/2022 16:53:21,1.1,2.6,2.5,2.4,2.6,2.0,44.7,33.5,24.0,39.3,18.3,28.0,41.4,43.1,12.1,438.5,0
10/04/2022 16:53:22,1.2,2.6,2.6,2.5,2.8,2.1,37.2,33.1,26.4,41.3,20.6,40.5,32.0,33.7,13.1,440.2,0
10/04/2022 16:53:23,1.1,2.5,2.2,2.7,2.7,2.9,40.6,35.0,24.0,34.6,19.3,34.4,41.5,32.9,13.3,435.9,0
10/04/2022 16:53:24,2.0,2.1,2.7,2.7,2.5,2.5,44.1,36.9,27.7,35.5,12.3,39.7,42.0,45.0,13.0,443.8,0
10/04/2022 16:53:25,1.9,2.6,2.3,2.6,2.5,2.5,39.9,33.0,24.2,33.8,18.3,26.6,46.0,42.8,13.8,443.5,0
10/04/2022 16:53:26,1.7,2.1,2.5,2.4,2.9,2.3,44.1,34.4,23.8,45.3,18.5,44.3,33.5,35.7,13.4,443.9,0
10/04/2022 16:53:27,1.2,2.9,2.0,2.7,2.4,2.1,41.9,32.2,24.4,43.6,12.5,26.8,47.3,40.0,13.4,438.7,0
10/04/2022 16:53:28,1.0,2.4,2.1,2.4,2.8,2.0,39.8,32.9,27.0,37.1,16.4,39.5,43.9,45.9,13.3,439.2,0
10/04/2022 16:53:29,1.6,2.1,2.9,2.6,2.2,2.6,38.9,36.2,25.4,36.4,24.2,39.8,32.9,36.8,13.0,435.3,0
10/04/2022 16:53:30,1.7,2.4,2.2,2.6,2.4,2.1,42.0,34.5,26.3,40.4,12.2,34.3,47.8,45.8,13.8,442.5,0
10/04/2022 16:53:31,2.0,2.5,2.6,2.3,2.3,2.8,41.8,34.1,26.1,34.5,18.7,37.4,43.7,37.0,13.0,436.1,0
10/04/2022 16:53:32,2.2,2.8,2.0,2.5,2.6,2.7,40.9,32.7,23.3,45.3,14.8,34.1,39.2,45.7,12.9,437.4,0
10/04/2022 16:53:33,1.8,2.1,2.9,2.7,2.9,2.7,41.4,38.1,26.5,47.9,15.8,43.5,33.6,44.0,12.1,442.8,0
10/04/2022 16:53:34,1.1,2.5,2.3,2.3,2.6,2.8,44.7,32.1,24.9,34.5,20.5,30.7,47.4,38.3,12.2,440.2,0
10/04/2022 16:53:35,2.4,2.8,2.1,2.0,2.9,2.8,39.3,35.7,24.7,41.2,19.6,43.1,47.5,40.1,12.5,436.6,0
10/04/2022 16:53:36,1.6,2.8,2.1,2.6,2.8,2.6,44.3,36.3,23.8,44.2,24.8,43.5,34.5,36.3,12.9,437.1,0
10/04/2022 16:53:37,1.6,2.5,2.2,2.1,2.4,2.6,40.0,32.8,25.2,35.4,16.1,22.7,33.2,40.7,12.2,443.1,0
10/04/2022 16:53:38,1.0,2.1,2.2,2.4,2.5,2.1,38.6,36.2,23.2,35.3,18.1,28.7,39.6,44.2,13.7,435.7,0
10/04/2022 16:53:39,2.8,2.0,2.7,2.8,2.4,2.6,37.2,38.8,23.8,45.6,15.9,28.6,37.1,43.0,13.6,436.3,0
10/04/2022 16:53:40,2.0,2.5,2.3,2.7,2.1,2.4,39.9,32.8,25.6,32.9,15.2,37.2,43.4,35.9,13.0,438.6,0
10/04/2022 16:53:41,2.3,2.7,2.3,2.5,2.3,2.6,44.7,32.8,23.7,45.9,23.4,43.2,40.3,42.2,13.0,443.1,0
10/04/2022 16:53:42,1.5,2.0,2.2,2.8,2.0,2.7,41.0,35.7,23.6,42.2,20.9,42.0,45.3,46.5,13.4,443.0,0
10/04/2022 16:53:43,1.3,2.5,2.0,2.9,2.1,2.4,41.6,37.9,23.8,34.5,16.4,42.0,43.0,33.2,13.4,437.6,0
10/04/2022 16:53:44,1.4,2.5,2.6,2.5,2.6,2.3,39.1,34.3,23.7,34.6,23.0,39.1,33.8,37.5,12.3,439.2,0
10/04/2022 16:53:45,2.2,2.1,2.7,2.7,2.1,2.0,42.4,38.2,24.0,43.6,16.7,34.9,46.6,35.9,12.4,444.9,0
10/04/2022 16:53:46,1.2,2.7,2.7,2.3,2.3,2.3,42.0,37.2,23.1,46.8,12.2,25.2,33.3,45.9,12.4,437.3,0
10/04/2022 16:53:47,2.4,2.0,2.8,2.7,2.7,2.9,43.9,32.8,23.4,33.1,15.9,35.6,36.1,45.0,13.0,441.0,0
10/04/2022 16:53:48,2.6,2.5,2.3,2.5,2.8,2.2,43.9,32.8,26.6,38.7,12.4,35.9,35.1,44.2,12.8,444.3,0
10/04/2022 16:53:49,2.4,2.0,2.3,2.1,2.7,2.5,40.5,36.3,25.7,34.9,19.9,27.7,39.6,45.2,13.2,436.3,0
10/04/2022 16:53:50,1.9,2.0,2.6,2.6,2.7,2.2,39.9,34.1,25.9,40.4,15.6,38.1,41.0,37.0,12.3,436.5,0
10/04/2022 16:53:51,1.0,2.9,2.1,2.8,2.6,2.9,41.5,36.9,23.5,46.2,22.5,42.4,40.8,37.6,13.0,440.5,0
10/04/2022 16:53:52,2.6,2.9,2.9,2.2,2.1,2.5,39.9,32.7,23.9,47.9,24.5,33.1,36.0,42.9,13.9,435.7,0
10/04/2022 16:53:53,1.6,2.4,2.1,2.8,2.0,2.3,44.7,37.7,25.9,38.9,16.0,27.5,32.7,42.0,12.7,440.4,0
10/04/2022 16:53:54,2.1,2.9,2.1,2.6,2.1,2.3,38.4,34.9,24.2,35.8,14.3,38.2,43.0,46.5,12.9,435.8,0
10/04/2022 16:53:55,1.0,2.4,2.0,2.8,2.2,2.4,39.8,34.8,24.9,34.7,15.6,23.2,45.0,46.7,13.5,435.5,0
10/04/2022 16:53:56,2.2,2.7,2.7,2.6,2.4,2.4,39.8,33.0,23.8,37.8,18.9,32.5,39.6,37.6,12.5,442.3,0
10/04/2022 16:53:57,1.6,2.8,2.5,2.9,2.7,2.3,42.3,33.5,23.9,32.8,13.4,37.5,37.7,37.0,13.3,437.6,0
10/04/2022 16:53:58,1.8,2.1,2.7,2.8,2.5,2.7,37.6,33.2,23.5,40.8,18.9,33.9,33.6,40.1,13.5,435.9,0
10/04/2022 16:53:59,1.6,2.4,2.6,2.9,2.9,2.9,41.0,35.8,23.4,40.2,16.3,27.0,43.0,36.1,13.0,435.7,0
10/04/2022 16:54:00,1.7,2.3,2.7,2.2,2.2,2.9,43.7,33.7,26.4,45.1,15.6,38.7,45.4,41.1,12.2,436.7,0
10/04/2022 16:54:01,1.1,2.5,2.7,2.1,2.6,2.6,38.2,35.5,27.3,40.5,22.2,24.0,37.8,32.3,13.1,444.1,0
10/04/2022 16:54:02,2.3,2.5,2.6,2.3,2.9,2.0,44.4,38.0,24.4,44.6,16.8,33.7,36.4,33.2,13.5,441.3,0
10/04/2022 16:54:03,2.5,2.3,2.9,2.4,2.6,2.1,37.6,36.1,26.9,32.4,13.8,26.1,43.8,47.4,12.7,441.1,0
10/04/2022 16:54:04,1.6,2.4,2.1,2.1,2.0,2.5,41.1,32.3,26.1,39.9,18.6,37.4,37.1,47.4,13.6,435.0,0
10/04/2022 16:54:05,1.3,2.5,2.8,2.6,2.3,2.6,44.3,38.0,26.9,44.9,22.8,34.7,38.0,45.4,13.4,441.1,0
10/04/2022 16:54:06,1.1,2.5,2.4,2.1,2.0,2.2,39.0,38.7,27.2,41.4,13.3,36.0,42.3,40.0,13.7,443.6,0
10/04/2022 16:54:07,2.3,2.6,2.3,2.4,2.4,2.2,39.3,36.0,27.3,45.3,21.8,34.0,41.8,43.9,12.8,437.9,0
10/04/2022 16:54:08,1.1,2.2,2.1,2.2,2.4,2.1,44.5,34.5,27.1,46.9,16.3,33.7,33.5,41.6,12.6,441.0,0
10/04/2022 16:54:09,1.8,2.8,2.0,2.7,2.9,2.1,37.7,37.0,23.4,41.5,23.5,31.3,32.5,36.7,13.9,436.7,0
10/04/2022 16:54:10,2.0,2.6,2.5,2.7,2.9,2.8,40.5,35.4,24.7,35.6,18.8,34.5,37.1,34.6,13.0,442.2,0
10/04/2022 16:54:11,2.8,2.9,2.7,2.7,2.3,2.7,39.9,38.5,24.8,37.7,16.7,34.2,36.2,46.2,13.3,438.9,0
10/04/2022 16:54:12,2.7,2.3,2.1,2.5,2.4,2.9,42.7,37.6,23.9,42.3,15.4,39.7,44.2,45.5,12.2,443.2,0
10/04/2022 16:54:13,1.4,2.7,2.7,2.6,2.1,2.5,42.5,38.5,26.6,32.4,13.6,23.5,35.0,46.9,12.4,437.2,0
10/04/2022 16:54:14,1.0,2.4,2.5,2.6,2.1,2.4,42.7,37.9,27.1,33.5,21.9,44.3,33.1,38.4,12.3,442.2,0
10/04/2022 16:54:15,1.5,2.9,2.2,2.9,2.6,2.4,42.6,32.8,25.1,43.6,21.4,38.0,40.4,32.9,12.8,443.6,0
10/04/2022 16:54:16,2.7,2.3,2.3,2.8,2.0,2.4,38.3,36.8,25.0,46.7,16.2,31.4,35.3,42.8,13.9,438.5,0
10/04/2022 16:54:17,2.5,2.7,2.6,2.2,2.6,2.2,37.7,35.2,26.0,47.4,19.4,33.8,35.2,33.0,12.2,444.1,0
10/04/2022 16:54:18,2.2,2.5,2.7,2.2,2.9,2.6,38.3,35.6,27.1,42.0,18.9,39.7,38.0,47.7,13.3,439.0,0
10/04/2022 16:54:19,2.8,2.5,2.3,2.4,2.4,2.1,42.4,33.6,23.3,45.1,19.4,32.7,37.4,33.2,13.3,440.9,0
10/04/2022 16:54:20,2.2,2.8,2.2,2.9,2.4,2.1,43.0,36.8,25.2,36.7,20.8,26.0,44.5,44.9,12.3,437.1,0
10/04/2022 16:54:21,1.0,2.0,2.5,2.0,2.3,2.9,42.8,33.4,23.8,45.6,22.6,36.7,40.6,42.3,12.5,444.4,0
10/04/2022 16:54:22,2.3,2.4,2.0,2.6,2.7,2.6,41.6,36.0,25.7,34.0,18.2,27.6,46.0,33.9,12.2,438.8,0
10/04/2022 16:54:23,2.8,2.0,2.8,2.0,2.3,2.8,43.0,35.8,25.4,36.1,16.3,22.2,38.6,37.4,12.6,444.0,0
10/04/2022 16:54:24,2.0,2.5,2.4,2.7,2.0,2.7,37.6,32.0,26.5,32.5,14.1,22.6,45.6,44.2,13.7,443.3,0
10/04/2022 16:54:25,2.0,2.5,2.8,2.1,2.6,2.8,37.9,35.4,26.8,38.4,12.9,24.4,34.3,44.6,13.2,440.6,0
10/04/2022 16:54:26,1.7,2.2,2.8,2.2,2.7,2.0,37.1,34.2,24.2,44.2,24.7,32.4,34.4,38.0,12.4,442.7,0
10/04/2022 16:54:27,1.0,2.2,2.0,2.9,2.8,2.6,44.6,36.5,27.8,43.5,21.3,23.1,39.0,43.4,13.6,436.7,0
10/04/2022 16:54:28,1.4,2.7,2.0,2.1,2.7,2.8,39.0,32.0,24.2,41.7,15.9,25.9,47.2,44.1,13.8,443.0,0
10/04/2022 16:54:29,1.1,2.6,2.6,2.1,2.5,2.0,44.4,37.9,27.2,47.4,12.1,44.4,46.1,33.0,13.9,437.8,0
10/04/2022 16:54:30,2.9,2.9,2.2,2.3,2.8,2.9,43.5,38.4,26.9,36.1,17.4,29.8,33.3,40.7,13.3,438.1,0
10/04/2022 16:54:31,2.5,2.2,2.5,2.2,2.3,2.6,44.9,34.4,25.5,45.9,17.2,34.6,39.1,45.5,13.5,436.0,0
10/04/2022 16:54:32,2.9,2.8,2.5,2.9,2.2,2.1,42.5,36.6,25.2,43.7,15.8,23.6,41.1,37.5,12.6,440.6,0
10/04/2022 16:54:33,1.7,2.0,2.8,2.2,2.6,2.5,38.5,35.4,25.1,32.2,24.1,30.2,44.3,41.9,13.4,437.5,0
10/04/2022 16:54:34,1.6,2.3,2.4,2.3,2.5,2.4,40.9,34.9,27.2,43.7,19.3,31.5,35.1,45.5,13.6,443.3,0
10/04/2022 16:54:35,2.3,2.0,2.0,2.5,2.5,2.7,41.5,37.3,27.4,47.5,19.7,28.8,40.5,41.0,12.7,444.0,0
10/04/2022 16:54:36,1.8,2.3,2.3,2.5,2.0,2.3,43.3,34.6,23.3,38.4,24.1,37.7,32.3,38.7,13.0,442.0,0
10/04/2022 16:54:37,2.2,2.9,2.5,2.1,2.3,2.9,41.6,38.7,25.4,39.9,22.9,30.0,46.8,33.7,12.8,444.7,0
10/04/2022 16:54:38,1.4,2.8,2.7,2.6,2.1,2.2,44.4,36.8,24.9,37.9,14.2,29.2,42.3,37.4,12.5,438.2,0
10/04/2022 16:54:39,1.3,2.7,2.9,2.2,2.7,2.2,39.0,34.2,23.3,32.9,12.6,37.6,34.0,45.0,13.9,443.3,0
10/04/2022 16:54:40,1.8,2.2,2.9,2.3,2.1,2.4,42.7,34.9,24.8,40.1,24.4,25.2,35.1,38.7,13.5,441.4,0
10/04/2022 16:54:41,1.6,2.7,2.5,2.1,2.7,2.0,43.5,34.5,24.7,36.6,21.8,36.7,37.5,44.1,12.6,440.2,0
10/04/2022 16:54:42,1.0,2.6,2.3,2.8,2.7,2.3,37.2,34.5,27.9,41.7,21.6,28.2,35.4,35.0,12.7,440.4,0
10/04/2022 16:54:43,1.8,2.4,2.1,2.6,2.6,2.7,44.9,36.7,26.3,41.7,17.4,25.4,46.9,47.7,13.8,439.4,0
10/04/2022 16:54:44,1.3,2.2,2.5,2.2,2.7,2.9,41.1,37.6,23.0,36.7,12.8,24.9,37.5,37.1,12.2,443.7,0
10/04/2022 16:54:45,2.2,2.4,2.5,2.8,2.6,2.9,38.6,38.9,25.6,39.1,16.2,25.4,40.8,45.2,12.9,443.4,0
10/04/2022 16:54:46,2.0,2.1,2.4,2.3,2.0,2.0,44.2,35.3,26.1,32.6,22.5,34.3,43.6,39.9,12.2,437.8,0
10/04/2022 16:54:47,2.6,2.6,2.7,2.0,2.0,2.5,42.6,32.9,25.1,33.6,17.7,39.8,46.7,33.9,13.2,441.6,0
10/04/2022 16:54:48,2.1,2.7,2.0,2.2,2.6,2.2,39.8,33.3,24.4,35.8,18.8,29.0,40.6,36.6,13.1,443.2,0
10/04/2022 16:54:49,1.3,2.8,2.9,2.7,2.7,2.7,42.2,37.5,24.9,35.5,13.0,22.1,47.3,37.9,13.0,437.7,0
10/04/2022 16:54:50,2.8,2.8,2.1,2.4,2.5,2.3,38.3,36.6,23.6,42.1,16.7,42.1,35.3,46.9,13.1,436.0,0
10/04/2022 16:54:51,1.5,2.6,2.5,2.9,2.8,2.6,43.2,33.4,25.9,47.4,20.7,36.4,45.2,32.7,12.2,438.6,0
10/04/2022 16:54:52,2.1,2.4,2.1,2.8,2.2,2.6,42.4,36.9,27.9,41.2,23.3,27.2,38.5,35.3,13.4,440.3,0
10/04/2022 16:54:53,1.9,2.8,2.7,2.3,2.7,2.8,40.6,32.9,23.8,32.8,14.5,36.4,38.9,39.4,12.4,442.1,0
10/04/2022 16:54:54,1.7,2.0,2.4,2.5,2.3,2.0,42.1,36.6,24.3,36.8,23.6,30.6,34.5,40.4,13.7,443.3,0
10/04/2022 16:54:55,2.8,2.1,2.0,2.4,2.9,2.0,38.7,38.3,23.9,42.3,18.0,40.8,41.5,44.3,12.4,438.0,0
10/04/2022 16:54:56,2.1,2.2,2.2,2.0,2.4,2.8,39.3,37.7,27.1,36.3,17.8,43.2,33.9,43.6,13.4,435.0,0
10/04/2022 16:54:57,1.2,2.5,2.4,2.7,2.2,2.3,39.2,32.0,23.8,32.4,20.8,39.9,36.6,34.6,12.8,444.2,0
10/04/2022 16:54:58,1.1,2.4,2.2,2.0,2.5,2.8,37.8,36.3,26.2,34.0,21.4,23.4,44.0,40.4,13.5,437.6,0
10/04/2022 16:54:59,2.2,2.7,2.3,2.5,2.8,2.9,38.4,33.9,26.1,41.8,22.6,30.7,36.1,47.7,12.3,440.2,0
10/04/2022 16:55:00,1.8,2.5,2.4,2.3,2.3,2.8,41.5,38.9,25.3,39.6,14.1,40.5,34.2,34.5,12.9,436.1,0
10/04/2022 16:55:01,1.7,2.8,2.3,2.6,2.3,2.2,43.0,38.4,26.8,45.9,12.5,32.4,34.5,45.2,13.7,443.9,0
10/04/2022 16:55:02,1.0,2.0,2.5,2.6,2.5,2.3,38.2,32.4,24.3,36.6,12.3,41.9,33.8,39.9,13.6,440.2,0
10/04/2022 16:55:03,1.5,2.3,2.0,2.2,2.0,2.7,39.8,33.8,25.3,34.9,13.6,44.9,35.1,36.4,13.5,439.0,0
10/04/2022 16:55:04,2.5,2.0,2.9,2.1,2.8,2.2,44.9,34.9,26.9,37.1,19.3,27.3,42.8,32.9,12.7,436.7,0
10/04/2022 16:55:05,2.2,2.0,2.2,2.7,2.9,2.1,39.3,32.6,25.2,42.5,12.1,37.4,44.6,36.1,12.6,437.8,0
10/04/2022 16:55:06,2.0,2.5,2.3,2.3,2.9,2.5,38.8,34.4,24.3,40.3,22.7,41.3,42.0,33.1,13.9,435.9,0
10/04/2022 16:55:07,1.8,2.4,2.5,2.0,2.9,2.1,41.5,33.7,23.2,46.1,23.6,25.4,43.0,44.2,12.0,436.6,0
10/04/2022 16:55:08,2.5,2.0,2.2,2.9,2.5,2.4,38.5,36.7,25.0,40.3,19.5,28.5,47.0,32.4,13.2,437.8,0
10/04/2022 16:55:09,2.3,2.3,2.8,2.2,2.0,2.7,37.9,33.1,25.7,35.4,20.8,22.5,40.5,32.0,13.3,436.7,0
10/04/2022 16:55:10,2.6,2.3,2.4,2.5,2.8,2.2,38.7,34.4,27.1,40.7,12.0,40.9,38.5,34.8,13.4,435.4,0
10/04/2022 16:55:11,2.7,2.1,2.7,2.3,2.7,2.7,37.1,35.7,24.7,33.7,13.0,42.2,33.8,44.2,13.9,435.4,0
10/04/2022 16:55:12,1.8,2.0,2.3,2.7,2.3,2.1,39.0,35.4,25.6,44.1,20.7,44.5,45.1,42.6,13.1,438.1,0
10/04/2022 16:55:13,2.8,2.5,2.9,2.0,2.9,2.6,40.5,38.5,27.8,38.5,14.1,41.9,44.5,36.6,13.1,442.3,0
10/04/2022 16:55:14,1.6,2.0,2.0,2.3,2.3,2.9,39.6,32.2,23.2,45.5,22.2,25.5,44.9,34.3,13.2,441.9,0
10/04/2022 16:55:15,2.7,2.7,2.5,2.5,2.1,2.7,43.8,32.0,27.1,37.5,19.5,29.3,47.3,36.6,12.1,438.7,0
10/04/2022 16:55:16,2.9,2.0,2.8,2.3,2.8,2.2,42.4,33.6,27.4,38.0,23.0,29.1,44.1,43.3,13.1,435.3,0
10/04/2022 16:55:17,2.4,2.6,2.6,2.8,2.0,2.4,41.1,36.3,25.5,37.8,21.6,34.1,40.3,40.6,12.6,443.5,0
10/04/2022 16:55:18,2.6,2.0,2.8,2.9,2.8,2.5,42.4,37.0,23.8,39.4,23.8,42.2,40.2,46.5,12.9,444.2,0
10/04/2022 16:55:19,2.0,2.2,2.8,2.8,2.6,2.3,43.1,32.0,27.0,41.5,22.8,33.0,44.6,34.2,12.2,440.5,0
10/04/2022 16:55:20,1.9,2.9,2.9,2.6,2.7,2.1,38.6,33.0,23.7,40.3,20.3,30.5,33.7,45.0,12.1,440.1,0
10/04/2022 16:55:21,2.1,2.4,2.3,2.7,2.2,2.2,38.3,36.0,23.1,44.3,14.5,36.3,39.7,36.8,13.7,437.1,0
10/04/2022 16:55:22,1.9,2.4,2.0,2.1,2.3,2.1,37.1,35.3,24.7,37.1,19.6,31.0,35.2,39.9,13.8,444.1,0
10/04/2022 16:55:23,2.8,2.9,2.1,2.2,2.3,2.0,37.7,37.6,26.8,32.0,22.2,33.8,33.0,46.2,12.4,444.1,0
10/04/2022 16:55:24,2.8,2.1,2.0,2.9,2.6,2.5,40.2,37.3,25.5,42.3,20.3,36.4,39.9,32.9,13.3,442.5,0
10/04/2022 16:55:25,1.1,2.9,2.3,2.3,2.5,2.2,37.7,37.9,24.6,44.5,21.8,31.9,37.5,47.0,13.9,439.1,0
10/04/2022 16:55:26,2.5,2.3,2.6,2.9,2.9,2.2,43.9,37.3,27.9,32.5,15.5,25.2,47.3,34.6,13.0,438.9,0
10/04/2022 16:55:27,1.1,2.0,2.0,2.6,2.5,2.5,42.5,36.9,27.9,37.3,16.4,35.1,33.3,36.0,12.6,444.9,0
10/04/2022 16:55:28,1.8,2.6,2.5,2.5,2.9,2.3,41.6,38.9,23.2,38.7,19.9,29.4,38.0,43.4,12.0,441.3,0
10/04/2022 16:55:29,2.4,2.6,2.6,2.4,2.2,2.1,40.2,33.1,24.6,40.0,14.3,43.1,40.2,40.3,12.7,436.9,0
10/04/2022 16:55:30,1.1,2.1,2.3,2.0,2.5,2.9,37.8,32.9,27.5,39.6,15.6,39.9,33.1,40.9,12.6,440.4,0
10/04/2022 16:55:31,1.6,2.3,2.7,2.2,2.4,2.8,44.7,38.5,23.6,44.4,14.1,36.6,40.2,41.5,12.7,438.3,0
10/04/2022 16:55:32,1.1,2.4,2.2,2.7,2.8,2.3,43.7,33.5,26.9,39.1,24.2,30.3,44.9,38.2,13.8,439.9,0
10/04/2022 16:55:33,1.4,2.7,2.2,2.8,2.9,2.3,42.1,32.5,23.3,37.3,17.4,39.4,47.2,37.3,12.7,442.4,0
10/04/2022 16:55:34,2.1,2.9,2.2,2.3,2.4,2.9,41.0,36.0,25.6,32.3,21.7,40.7,33.6,44.9,13.5,441.5,0
10/04/2022 16:55:35,2.6,2.4,2.5,2.7,2.8,2.7,37.0,32.7,26.4,42.6,19.9,23.7,45.4,39.0,13.0,435.9,0
10/04/2022 16:55:36,2.6,2.5,2.1,2.5,2.0,2.5,44.8,36.9,25.3,37.9,21.4,32.5,38.1,42.3,13.6,437.0,0
10/04/2022 16:55:37,1.7,2.2,2.0,2.1,2.4,2.4,42.0,36.3,24.2,36.2,12.4,41.2,34.0,41.3,12.7,440.7,0
10/04/2022 16:55:38,2.2,2.1,2.1,2.8,2.8,2.8,37.3,35.3,23.9,40.3,17.5,35.3,44.3,41.7,12.2,437.5,0
10/04/2022 16:55:39,1.8,2.6,2.7,2.6,2.1,2.6,41.0,33.1,25.3,43.1,12.7,26.8,46.0,43.1,12.8,442.6,0
10/04/2022 16:55:40,2.4,2.6,2.6,2.9,2.2,2.1,38.7,34.2,25.5,35.3,15.8,25.4,32.5,47.3,13.2,441.7,0
10/04/2022 16:55:41,1.3,2.8,2.8,2.1,2.0,2.7,38.5,37.4,23.1,36.6,13.2,22.2,47.3,41.8,12.6,439.0,0
10/04/2022 16:55:42,2.3,2.7,2.6,2.4,2.9,2.7,39.2,32.5,23.3,33.4,21.3,40.5,33.7,46.4,13.3,439.7,0
10/04/2022 16:55:43,2.1,2.4,2.1,2.6,2.4,2.2,42.2,36.0,24.3,37.6,24.2,24.6,35.6,38.0,13.6,438.4,0
10/04/2022 16:55:44,2.2,2.9,2.1,2.0,2.6,2.9,44.2,38.9,26.0,38.4,17.2,38.3,39.6,35.9,12.7,436.2,0
10/04/2022 16:55:45,2.7,2.5,2.1,2.9,2.8,2.5,40.2,33.3,26.1,39.3,16.8,44.6,34.4,35.0,12.6,443.6,0
10/04/2022 16:55:46,1.3,2.6,2.0,2.1,2.0,2.4,41.8,38.7,26.1,35.2,17.8,23.6,37.1,37.2,12.3,439.6,0
10/04/2022 16:55:47,1.1,2.2,2.4,2.1,2.6,2.5,44.8,35.7,24.4,37.1,22.6,32.5,41.2,47.0,12.3,436.2,0
10/04/2022 16:55:48,1.4,2.5,2.5,2.9,2.9,2.2,39.3,37.0,27.1,43.8,20.3,29.2,33.5,46.7,12.3,440.7,0
10/04/2022 16:55:49,2.9,2.5,2.3,2.5,2.4,2.8,42.8,36.6,24.6,32.5,21.5,28.3,45.6,35.4,12.4,437.0,0
10/04/2022 16:55:50,2.1,2.9,2.2,2.6,2.7,2.3,43.0,37.6,27.2,44.6,18.8,39.7,47.2,37.2,12.4,435.2,0
10/04/2022 16:55:51,1.9,2.6,2.2,2.5,2.8,2.0,44.0,38.0,25.7,45.7,19.0,28.4,38.5,42.9,13.9,441.5,0
10/04/2022 16:55:52,2.5,2.8,2.2,2.6,2.0,2.4,38.2,32.9,27.0,32.1,23.6,38.3,45.4,40.0,12.1,437.1,0
10/04/2022 16:55:53,1.0,2.8,2.9,2.8,2.6,2.8,41.6,36.9,23.6,34.2,23.8,42.4,47.5,32.6,12.1,441.9,0
10/04/2022 16:55:54,1.6,2.9,2.2,2.9,2.3,2.1,39.2,35.6,23.5,41.3,23.0,41.6,46.6,47.0,13.4,439.1,0
10/04/2022 16:55:55,1.4,2.9,2.8,2.3,2.6,2.4,40.0,36.2,23.5,44.0,12.1,41.4,45.6,44.4,13.4,441.6,0
10/04/2022 16:55:56,1.9,2.7,2.6,2.3,2.2,2.2,41.4,34.6,27.6,37.1,21.6,40.9,43.6,43.5,12.0,439.5,0
10/04/2022 16:55:57,1.3,2.6,2.1,2.4,2.9,2.7,44.2,33.1,27.3,47.8,15.4,24.3,46.8,32.0,13.0,442.2,0
10/04/2022 16:55:58,1.3,2.8,2.2,2.9,2.2,2.2,44.1,38.9,24.2,32.7,20.0,26.6,37.7,46.1,12.2,437.2,0
10/04/2022 16:55:59,1.9,2.7,2.6,2.8,2.9,2.4,38.4,37.7,25.5,38.1,18.9,44.7,38.3,45.3,12.7,435.1,0
10/04/2022 16:56:00,1.9,2.5,2.6,2.2,2.8,2.5,39.2,38.5,26.9,33.5,24.5,22.6,33.8,38.7,13.7,436.7,0
10/04/2022 16:56:01,2.8,2.8,2.7,2.8,2.4,2.5,41.5,36.7,26.2,43.7,21.6,41.9,35.9,47.1,13.1,442.6,0
10/04/2022 16:56:02,2.6,2.1,2.0,2.6,2.9,2.8,37.6,35.7,27.2,44.9,22.4,41.9,34.1,41.7,12.1,437.7,0
10/04/2022 16:56:03,2.4,2.3,2.5,2.5,2.7,2.4,41.7,32.2,25.5,41.6,20.5,28.1,45.4,42.7,12.7,438.0,0
10/04/2022 16:56:04,2.7,2.9,2.3,2.3,2.1,2.8,38.5,32.4,23.7,42.5,20.7,39.8,37.4,42.2,13.7,435.1,0
10/04/2022 16:56:05,2.6,2.9,2.9,2.7,2.3,2.0,37.5,35.3,27.0,33.9,12.3,42.6,38.8,44.4,13.9,438.8,0
10/04/2022 16:56:06,2.2,2.8,2.3,2.8,2.7,2.4,42.9,38.6,27.5,38.4,12.9,35.5,41.9,47.1,12.1,441.1,0
10/04/2022 16:56:07,2.9,2.7,2.3,2.2,2.2,2.5,38.8,36.4,23.4,44.5,23.7,22.2,45.4,44.8,12.5,443.4,0
10/04/2022 16:56:08,1.3,2.6,2.8,2.9,2.0,2.2,42.3,33.3,26.1,37.7,23.6,42.1,47.0,41.9,12.9,438.0,0
10/04/2022 16:56:09,2.4,2.3,2.2,2.6,2.8,2.2,37.6,37.7,25.2,46.0,24.9,28.9,38.8,41.3,12.8,435.5,0
10/04/2022 16:56:10,2.8,2.9,2.3,2.8,2.8,2.8,42.0,36.4,27.2,35.2,16.8,35.5,39.3,32.9,13.8,435.9,0
10/04/2022 16:56:11,1.1,2.7,2.7,2.7,2.8,2.3,40.7,36.7,23.5,47.0,17.8,32.5,32.6,32.1,12.9,444.6,0
10/04/2022 16:56:12,1.7,2.9,2.3,2.4,2.5,2.0,37.5,37.2,23.7,37.9,21.0,33.4,46.6,47.5,12.2,439.4,0
10/04/2022 16:56:13,1.5,2.5,2.9,2.4,2.9,2.9,38.6,38.0,23.1,38.6,12.2,31.8,33.6,36.6,12.0,438.5,0
10/04/2022 16:56:14,2.8,2.2,2.1,2.1,2.3,2.6,37.1,38.5,26.1,43.3,23.6,42.5,46.5,44.3,13.7,437.3,0
10/04/2022 16:56:15,2.9,2.8,2.7,2.0,2.7,2.9,40.5,32.5,27.3,44.0,20.8,25.3,34.7,47.6,12.5,436.7,0
10/04/2022 16:56:16,1.4,2.5,2.3,2.4,2.7,2.3,37.5,35.9,27.8,34.1,17.9,25.7,37.6,43.1,12.4,437.1,0
10/04/2022 16:56:17,1.2,2.7,2.0,2.7,2.2,2.7,40.4,32.1,26.3,32.9,20.2,43.4,42.4,33.1,13.1,444.5,0
10/04/2022 16:56:18,2.1,2.6,2.3,2.2,2.5,2.8,38.9,36.1,25.6,45.0,22.2,34.7,32.9,34.1,12.2,438.3,0
10/04/2022 16:56:19,2.8,2.1,2.0,2.5,2.2,2.7,41.3,36.8,23.1,35.2,13.4,26.2,34.2,41.9,13.7,435.0,0
10/04/2022 16:56:20,2.2,2.6,2.6,2.0,2.5,2.7,42.7,34.7,23.3,37.2,21.1,44.0,36.7,36.1,13.3,435.1,0
10/04/2022 16:56:21,1.7,2.6,2.5,2.3,2.9,2.5,39.9,38.6,27.5,43.0,13.9,27.6,43.9,45.2,13.8,441.9,0
10/04/2022 16:56:22,1.9,2.4,2.7,2.4,2.0,2.7,44.5,33.5,24.0,46.5,13.8,37.6,45.5,32.5,12.1,436.7,0
10/04/2022 16:56:23,1.7,2.8,2.7,2.8,2.2,2.6,37.2,36.5,26.8,40.9,17.9,35.2,40.7,46.2,13.4,437.1,0
10/04/2022 16:56:24,2.6,2.6,2.6,2.7,2.9,2.8,44.5,32.7,25.3,37.6,14.9,24.1,32.9,46.1,12.2,437.2,0
10/04/2022 16:56:25,2.5,2.2,2.3,2.0,2.6,2.0,41.1,33.0,25.8,43.6,18.6,32.5,36.6,46.4,13.8,439.2,0
10/04/2022 16:56:26,1.2,2.5,2.6,2.1,2.4,2.9,43.6,32.9,27.1,45.7,13.4,39.5,37.2,44.5,12.1,442.2,0
10/04/2022 16:56:27,1.7,2.9,2.9,2.8,2.3,2.8,44.8,34.6,26.2,33.6,17.9,40.7,36.5,37.0,12.4,444.7,0
10/04/2022 16:56:28,2.1,2.6,2.9,2.6,2.8,2.9,39.2,34.6,26.9,38.5,16.9,28.3,47.0,40.4,13.5,443.1,0
10/04/2022 16:56:29,2.3,2.2,2.5,2.3,2.9,2.8,44.9,38.3,25.3,41.6,12.6,42.3,43.4,43.2,13.8,437.5,0
10/04/2022 16:56:30,2.5,2.4,2.4,2.3,2.4,2.7,42.4,32.2,23.1,41.7,15.9,41.6,46.5,35.3,13.5,441.3,0
10/04/2022 16:56:31,1.0,2.5,2.1,2.6,2.8,2.9,40.9,33.1,25.1,36.7,24.2,25.7,42.6,32.3,12.9,437.6,0
10/04/2022 16:56:32,1.0,2.0,2.5,2.4,2.9,2.3,40.5,37.6,27.0,40.2,13.1,39.2,45.5,44.4,12.6,436.3,0
10/04/2022 16:56:33,2.4,2.8,2.8,2.3,2.5,2.5,44.8,38.6,27.3,45.2,16.9,41.2,36.6,47.5,12.2,435.6,0
10/04/2022 16:56:34,1.8,2.2,2.3,2.3,2.3,2.1,38.7,32.0,26.8,38.3,24.8,25.8,42.3,35.0,13.8,437.8,0
10/04/2022 16:56:35,2.2,2.2,2.4,2.2,2.2,2.6,37.4,35.2,25.9,45.9,15.3,22.1,47.1,41.9,12.8,441.4,0
10/04/2022 16:56:36,2.1,2.9,2.0,2.2,2.7,2.3,38.2,37.5,26.6,47.8,21.1,31.6,40.8,37.1,13.0,440.3,0
10/04/2022 16:56:37,1.2,2.9,2.2,2.1,2.9,2.5,43.5,32.9,26.1,45.2,21.4,27.0,46.7,35.1,12.3,442.6,0
10/04/2022 16:56:38,2.7,2.3,2.7,2.0,2.3,2.7,42.8,32.1,26.5,35.3,24.8,28.1,35.4,37.9,12.3,442.6,0
10/04/2022 16:56:39,1.8,2.6,2.0,2.4,2.3,2.1,38.0,35.9,26.5,32.5,23.8,30.7,37.5,42.9,12.5,440.4,0
10/04/2022 16:56:40,2.4,2.8,2.8,2.3,2.9,2.7,37.1,37.4,26.1,39.6,21.6,25.8,44.8,45.4,13.6,442.7,0
10/04/2022 16:56:41,2.4,2.1,2.4,2.2,2.7,2.1,44.5,37.0,27.9,47.1,19.2,36.0,47.0,45.0,12.3,437.5,0
10/04/2022 16:56:42,1.2,2.0,2.7,2.9,2.4,2.1,39.2,36.1,25.4,37.8,12.1,33.0,34.3,40.3,13.5,435.8,0
10/04/2022 16:56:43,2.6,2.2,2.5,2.1,2.7,2.1,40.5,35.8,23.5,40.1,24.9,31.8,45.8,44.6,12.1,443.4,0
10/04/2022 16:56:44,2.4,2.0,2.7,2.0,2.7,2.1,37.6,33.7,25.1,44.2,18.7,44.4,36.7,42.8,12.2,438.0,0
10/04/2022 16:56:45,1.0,2.7,2.5,2.6,2.3,2.3,43.9,38.5,24.4,42.1,16.9,34.7,47.5,32.6,13.1,439.4,0
10/04/2022 16:56:46,1.9,2.6,2.3,2.5,2.2,2.6,42.1,34.3,23.5,47.9,14.8,29.4,41.0,41.8,12.3,438.1,0
10/04/2022 16:56:47,2.8,2.3,2.9,2.0,2.0,2.6,40.7,34.8,26.2,33.3,16.0,42.3,37.5,34.2,12.3,435.5,0
10/04/2022 16:56:48,1.5,2.2,2.1,2.9,2.7,2.6,44.1,37.6,25.6,40.8,13.7,28.4,47.3,33.1,13.6,438.5,0
10/04/2022 16:56:49,1.1,2.2,2.3,2.7,2.4,2.8,41.9,38.9,25.7,37.3,21.2,32.6,34.0,47.7,13.9,436.8,0
10/04/2022 16:56:50,1.9,2.8,2.3,2.2,2.0,2.0,42.4,33.9,25.3,42.5,16.9,31.7,37.5,36.2,13.1,436.2,0
10/04/2022 16:56:51,2.6,2.9,2.0,2.8,2.4,2.5,38.5,33.9,26.5,36.1,15.0,33.4,41.6,33.1,12.3,442.4,0
10/04/2022 16:56:52,2.2,2.8,2.7,2.8,2.9,2.3,41.3,33.9,26.0,41.8,12.8,29.2,34.9,42.0,13.3,435.9,0
10/04/2022 16:56:53,2.0,2.8,2.6,2.3,2.4,2.9,44.9,37.1,23.4,43.7,20.4,25.9,36.2,33.7,12.3,441.4,0
10/04/2022 16:56:54,1.4,2.8,2.1,2.5,2.5,2.4,38.6,33.2,24.5,41.2,16.8,42.3,39.5,34.1,13.7,441.2,0
10/04/2022 16:56:55,2.7,2.4,2.5,2.2,2.2,2.5,41.2,33.2,25.6,32.3,24.4,41.8,37.5,36.0,13.9,441.2,0
10/04/2022 16:56:56,2.5,2.3,2.4,2.2,2.6,2.2,38.7,34.0,25.9,42.9,22.8,26.2,40.8,38.7,12.4,438.4,0
10/04/2022 16:56:57,1.7,2.4,2.6,2.2,2.6,2.3,41.7,35.7,24.8,42.4,24.2,24.8,35.5,41.3,13.0,437.4,0
10/04/2022 16:56:58,2.1,2.3,2.4,2.0,2.6,2.9,44.7,35.9,23.6,33.1,15.0,25.9,38.7,37.8,13.6,438.0,0
10/04/2022 16:56:59,1.3,2.0,2.9,2.3,2.4,2.8,37.4,32.6,27.1,32.9,23.1,42.7,32.5,47.7,12.6,438.8,0
10/04/2022 16:57:00,2.6,2.6,2.4,2.0,2.0,2.4,38.5,33.7,26.9,35.0,15.8,41.4,37.9,40.2,12.6,436.1,0
10/04/2022 16:57:01,2.7,2.4,2.4,2.4,2.6,2.4,39.8,34.8,25.3,32.9,13.6,23.1,36.1,37.6,12.0,438.0,0
10/04/2022 16:57:02,2.1,2.2,2.6,2.5,2.0,2.6,37.7,36.9,25.8,39.2,13.2,30.4,41.1,46.7,12.1,437.5,0
10/04/2022 16:57:03,2.5,2.5,2.6,2.2,2.7,2.6,41.6,38.1,27.4,32.7,19.4,36.7,40.7,36.5,12.9,437.2,0
10/04/2022 16:57:04,1.2,2.7,2.0,2.8,2.1,2.5,41.5,32.6,24.7,37.0,15.4,27.6,34.1,40.2,13.6,440.6,0
10/04/2022 16:57:05,2.4,2.7,2.2,2.7,2.6,2.7,41.0,36.9,24.5,32.0,16.9,34.6,46.7,42.1,13.9,435.3,0
10/04/2022 16:57:06,1.4,2.3,2.7,2.3,2.5,2.8,41.4,35.8,25.7,37.2,21.8,34.3,40.9,46.5,13.2,442.8,0
10/04/2022 16:57:07,1.7,2.9,2.2,2.8,2.2,2.8,44.0,35.5,27.7,47.4,18.2,33.2,43.9,44.6,12.9,436.6,0
10/04/2022 16:57:08,2.3,2.1,2.5,2.8,2.2,2.3,37.2,32.0,25.5,47.6,22.4,43.2,43.5,43.6,12.6,441.7,0
10/04/2022 16:57:09,2.5,2.0,2.6,2.9,2.9,2.3,43.9,38.8,26.5,46.3,16.4,41.5,42.6,42.1,12.7,441.9,0
10/04/2022 16:57:10,2.0,2.3,2.4,2.9,2.9,2.0,42.7,35.0,27.0,44.9,20.3,24.2,42.1,43.1,13.3,437.8,0
10/04/2022 16:57:11,2.0,2.9,2.1,2.9,2.7,2.5,39.0,37.8,26.9,41.4,22.4,44.8,46.8,41.4,12.3,438.8,0
10/04/2022 16:57:12,1.3,2.4,2.9,2.4,2.5,2.4,40.9,32.4,23.8,41.5,12.6,26.8,39.1,43.8,12.8,437.2,0
10/04/2022 16:57:13,1.6,2.1,2.9,2.6,2.7,2.8,40.4,34.4,24.2,47.9,20.2,27.2,42.3,34.9,12.7,441.4,0
10/04/2022 16:57:14,1.2,2.6,2.5,2.3,2.6,2.6,39.1,36.5,25.4,37.6,12.5,27.1,38.2,44.2,13.3,443.0,0
10/04/2022 16:57:15,2.7,2.0,2.5,2.4,2.1,2.3,39.8,35.8,25.9,38.3,15.1,42.6,36.8,40.5,13.4,437.4,0
10/04/2022 16:57:16,2.8,2.3,2.8,2.9,2.6,2.4,40.1,36.4,25.7,34.2,23.6,22.6,38.8,33.5,13.4,438.6,0
10/04/2022 16:57:17,2.7,2.8,2.0,2.8,2.7,2.9,37.9,37.5,27.3,46.7,20.1,43.3,38.7,40.9,13.9,436.8,0
10/04/2022 16:57:18,2.3,2.7,2.8,2.7,2.8,2.6,44.3,38.6,25.7,45.1,15.3,26.6,34.2,42.8,13.1,439.5,0
